review_length,0,1
1,2585.0,40972.0
2,4519.0,59814.0
3,6029.0,83177.0
4,4538.0,119874.0
5,3976.0,53512.0
6,2930.0,35825.0
7,3139.0,48332.0
8,4863.0,52812.0
9,5157.0,129850.0
10,3795.0,68201.0
11,3283.0,42292.0
12,3230.0,41920.0
13,3641.0,38047.0
14,3667.0,52839.0
15,4328.0,39106.0
16,4495.0,35481.0
17,3687.0,31812.0
18,3152.0,27595.0
19,3073.0,25926.0
20,2841.0,25209.0
21,2747.0,23170.0
22,2492.0,22510.0
23,2476.0,20980.0
24,2556.0,19978.0
25,2267.0,18943.0
26,2276.0,18715.0
27,2235.0,17447.0
28,2247.0,16511.0
29,2227.0,16716.0
30,2098.0,16242.0
31,2026.0,15607.0
32,2006.0,15048.0
33,1871.0,13739.0
34,1759.0,13095.0
35,1726.0,13005.0
36,1676.0,12413.0
37,1607.0,11977.0
38,1640.0,11276.0
39,1536.0,12121.0
40,1458.0,11098.0
41,1569.0,10695.0
42,1485.0,10163.0
43,1459.0,10479.0
44,1369.0,9343.0
45,1370.0,9559.0
46,1346.0,8846.0
47,1333.0,8560.0
48,1235.0,8472.0
49,1224.0,8033.0
50,1180.0,8005.0
51,1169.0,7543.0
52,1143.0,7280.0
53,1204.0,7230.0
54,1123.0,6704.0
55,1123.0,6720.0
56,1046.0,6397.0
57,1056.0,6292.0
58,999.0,6141.0
59,1010.0,5933.0
60,971.0,5734.0
61,998.0,5625.0
62,968.0,5534.0
63,1001.0,5222.0
64,902.0,5177.0
65,917.0,5536.0
66,873.0,5008.0
67,869.0,4852.0
68,888.0,4477.0
69,867.0,4603.0
70,804.0,4480.0
71,835.0,4381.0
72,762.0,4245.0
73,721.0,4153.0
74,795.0,4036.0
75,797.0,4223.0
76,743.0,3877.0
77,769.0,3753.0
78,729.0,3695.0
79,744.0,3640.0
80,690.0,3577.0
81,700.0,3500.0
82,669.0,3478.0
83,681.0,3298.0
84,624.0,3219.0
85,644.0,3057.0
86,656.0,3076.0
87,641.0,3394.0
88,660.0,2877.0
89,592.0,2992.0
90,603.0,2818.0
91,623.0,2689.0
92,590.0,2653.0
93,564.0,2704.0
94,572.0,2548.0
95,536.0,2541.0
96,552.0,2507.0
97,509.0,2473.0
98,528.0,2391.0
99,500.0,2359.0
100,477.0,2331.0
101,518.0,2155.0
102,538.0,2173.0
103,504.0,2125.0
104,509.0,2042.0
105,479.0,2139.0
106,504.0,2026.0
107,497.0,1973.0
108,465.0,1886.0
109,456.0,1926.0
110,455.0,1864.0
111,470.0,1907.0
112,440.0,1842.0
113,410.0,1843.0
114,423.0,1734.0
115,408.0,1677.0
116,452.0,1662.0
117,435.0,1551.0
118,406.0,1626.0
119,413.0,1652.0
120,396.0,1512.0
121,414.0,1534.0
122,384.0,1575.0
123,379.0,1529.0
124,371.0,1483.0
125,341.0,1460.0
126,342.0,1382.0
127,330.0,1428.0
128,366.0,1337.0
129,371.0,1362.0
130,409.0,1267.0
131,394.0,1329.0
132,355.0,1305.0
133,361.0,1253.0
134,339.0,1257.0
135,339.0,1215.0
136,348.0,1171.0
137,356.0,1205.0
138,331.0,1156.0
139,335.0,1176.0
140,326.0,1108.0
141,324.0,1121.0
142,297.0,1112.0
143,301.0,1089.0
144,326.0,1114.0
145,311.0,1034.0
146,303.0,999.0
147,302.0,1014.0
148,320.0,997.0
149,319.0,984.0
150,271.0,995.0
151,340.0,942.0
152,285.0,995.0
153,275.0,953.0
154,307.0,910.0
155,282.0,920.0
156,271.0,922.0
157,294.0,881.0
158,267.0,882.0
159,268.0,919.0
160,252.0,833.0
161,251.0,848.0
162,252.0,834.0
163,240.0,810.0
164,250.0,787.0
165,238.0,820.0
166,279.0,858.0
167,268.0,777.0
168,243.0,770.0
169,255.0,800.0
170,237.0,753.0
171,280.0,757.0
172,257.0,755.0
173,243.0,710.0
174,201.0,751.0
175,265.0,754.0
176,249.0,688.0
177,247.0,652.0
178,246.0,681.0
179,194.0,610.0
180,239.0,680.0
181,231.0,690.0
182,213.0,676.0
183,252.0,640.0
184,195.0,633.0
185,213.0,604.0
186,210.0,624.0
187,194.0,607.0
188,211.0,579.0
189,225.0,584.0
190,217.0,574.0
191,209.0,607.0
192,214.0,525.0
193,189.0,568.0
194,193.0,678.0
195,202.0,497.0
196,208.0,604.0
197,183.0,533.0
198,210.0,525.0
199,180.0,525.0
200,185.0,537.0
201,169.0,506.0
202,200.0,516.0
203,198.0,496.0
204,182.0,517.0
205,199.0,511.0
206,181.0,489.0
207,164.0,506.0
208,192.0,502.0
209,193.0,481.0
210,183.0,468.0
211,173.0,466.0
212,178.0,465.0
213,177.0,488.0
214,187.0,422.0
215,172.0,419.0
216,152.0,492.0
217,175.0,453.0
218,155.0,436.0
219,175.0,409.0
220,130.0,390.0
221,177.0,406.0
222,173.0,430.0
223,155.0,441.0
224,148.0,424.0
225,158.0,437.0
226,146.0,400.0
227,139.0,395.0
228,169.0,384.0
229,138.0,377.0
230,158.0,356.0
231,154.0,378.0
232,157.0,402.0
233,136.0,388.0
234,149.0,394.0
235,135.0,438.0
236,155.0,373.0
237,154.0,360.0
238,134.0,391.0
239,142.0,353.0
240,148.0,339.0
241,133.0,362.0
242,142.0,331.0
243,128.0,375.0
244,155.0,337.0
245,160.0,357.0
246,148.0,348.0
247,150.0,341.0
248,158.0,335.0
249,139.0,338.0
250,127.0,320.0
251,143.0,310.0
252,144.0,324.0
253,108.0,311.0
254,115.0,327.0
255,135.0,322.0
256,130.0,296.0
257,130.0,335.0
258,120.0,329.0
259,110.0,278.0
260,119.0,322.0
261,146.0,306.0
262,158.0,346.0
263,118.0,329.0
264,121.0,296.0
265,114.0,345.0
266,115.0,277.0
267,99.0,279.0
268,129.0,282.0
269,123.0,291.0
270,102.0,278.0
271,96.0,298.0
272,105.0,310.0
273,108.0,280.0
274,126.0,283.0
275,124.0,303.0
276,123.0,282.0
277,125.0,347.0
278,115.0,273.0
279,133.0,269.0
280,117.0,303.0
281,122.0,263.0
282,114.0,260.0
283,98.0,238.0
284,88.0,258.0
285,107.0,274.0
286,106.0,229.0
287,122.0,216.0
288,111.0,243.0
289,96.0,275.0
290,92.0,248.0
291,111.0,230.0
292,97.0,242.0
293,118.0,220.0
294,118.0,231.0
295,96.0,247.0
296,101.0,278.0
297,89.0,221.0
298,98.0,254.0
299,100.0,240.0
300,106.0,182.0
301,96.0,213.0
302,103.0,232.0
303,110.0,212.0
304,95.0,237.0
305,103.0,217.0
306,88.0,202.0
307,96.0,222.0
308,116.0,280.0
309,106.0,235.0
310,99.0,191.0
311,87.0,223.0
312,87.0,217.0
313,99.0,201.0
314,100.0,223.0
315,94.0,199.0
316,84.0,197.0
317,94.0,205.0
318,87.0,271.0
319,103.0,211.0
320,89.0,213.0
321,93.0,250.0
322,79.0,174.0
323,81.0,214.0
324,81.0,217.0
325,87.0,193.0
326,98.0,190.0
327,69.0,200.0
328,88.0,196.0
329,85.0,189.0
330,96.0,185.0
331,106.0,179.0
332,79.0,168.0
333,67.0,205.0
334,78.0,174.0
335,89.0,192.0
336,74.0,212.0
337,78.0,202.0
338,66.0,185.0
339,85.0,220.0
340,82.0,185.0
341,71.0,174.0
342,77.0,171.0
343,83.0,172.0
344,77.0,165.0
345,88.0,165.0
346,66.0,163.0
347,58.0,174.0
348,79.0,177.0
349,80.0,141.0
350,66.0,160.0
351,77.0,171.0
352,70.0,171.0
353,58.0,200.0
354,77.0,166.0
355,71.0,151.0
356,78.0,144.0
357,62.0,140.0
358,81.0,152.0
359,68.0,151.0
360,62.0,150.0
361,75.0,139.0
362,70.0,140.0
363,63.0,138.0
364,69.0,128.0
365,92.0,154.0
366,73.0,119.0
367,76.0,124.0
368,68.0,151.0
369,59.0,151.0
370,72.0,143.0
371,82.0,158.0
372,82.0,180.0
373,72.0,118.0
374,62.0,140.0
375,64.0,129.0
376,57.0,130.0
377,52.0,115.0
378,77.0,146.0
379,56.0,145.0
380,73.0,140.0
381,60.0,130.0
382,68.0,148.0
383,54.0,136.0
384,57.0,111.0
385,90.0,148.0
386,62.0,141.0
387,67.0,152.0
388,66.0,122.0
389,56.0,134.0
390,47.0,104.0
391,58.0,116.0
392,64.0,98.0
393,58.0,121.0
394,67.0,103.0
395,65.0,109.0
396,60.0,115.0
397,66.0,119.0
398,68.0,104.0
399,53.0,121.0
400,55.0,103.0
401,63.0,132.0
402,63.0,135.0
403,68.0,123.0
404,50.0,131.0
405,54.0,116.0
406,51.0,122.0
407,55.0,98.0
408,55.0,100.0
409,63.0,116.0
410,50.0,115.0
411,52.0,106.0
412,47.0,120.0
413,55.0,110.0
414,55.0,97.0
415,52.0,133.0
416,59.0,110.0
417,46.0,105.0
418,61.0,92.0
419,64.0,158.0
420,48.0,87.0
421,49.0,98.0
422,49.0,105.0
423,48.0,100.0
424,56.0,103.0
425,58.0,116.0
426,60.0,108.0
427,50.0,103.0
428,59.0,110.0
429,53.0,99.0
430,48.0,91.0
431,53.0,100.0
432,48.0,106.0
433,58.0,86.0
434,31.0,108.0
435,51.0,104.0
436,55.0,78.0
437,58.0,88.0
438,49.0,104.0
439,43.0,77.0
440,55.0,80.0
441,49.0,98.0
442,45.0,98.0
443,40.0,92.0
444,56.0,99.0
445,40.0,77.0
446,44.0,88.0
447,47.0,93.0
448,50.0,100.0
449,34.0,98.0
450,42.0,114.0
451,36.0,88.0
452,51.0,98.0
453,40.0,85.0
454,49.0,91.0
455,36.0,73.0
456,29.0,85.0
457,38.0,87.0
458,43.0,97.0
459,43.0,65.0
460,37.0,60.0
461,38.0,90.0
462,32.0,79.0
463,46.0,86.0
464,47.0,142.0
465,36.0,87.0
466,55.0,85.0
467,49.0,82.0
468,44.0,80.0
469,38.0,73.0
470,42.0,92.0
471,34.0,109.0
472,30.0,88.0
473,41.0,87.0
474,30.0,73.0
475,43.0,72.0
476,40.0,74.0
477,37.0,74.0
478,38.0,76.0
479,39.0,71.0
480,35.0,87.0
481,30.0,86.0
482,37.0,67.0
483,47.0,94.0
484,36.0,84.0
485,33.0,76.0
486,42.0,64.0
487,39.0,69.0
488,49.0,65.0
489,40.0,77.0
490,49.0,82.0
491,49.0,64.0
492,44.0,75.0
493,37.0,68.0
494,37.0,76.0
495,29.0,74.0
496,36.0,57.0
497,38.0,74.0
498,42.0,73.0
499,46.0,82.0
500,30.0,70.0
501,44.0,64.0
502,37.0,62.0
503,30.0,71.0
504,31.0,76.0
505,38.0,84.0
506,30.0,116.0
507,36.0,77.0
508,37.0,65.0
509,36.0,75.0
510,44.0,57.0
511,39.0,68.0
512,30.0,74.0
513,32.0,66.0
514,34.0,71.0
515,36.0,65.0
516,38.0,74.0
517,26.0,55.0
518,31.0,109.0
519,37.0,71.0
520,39.0,68.0
521,29.0,61.0
522,31.0,51.0
523,22.0,79.0
524,24.0,58.0
525,23.0,62.0
526,33.0,54.0
527,35.0,88.0
528,32.0,63.0
529,35.0,76.0
530,36.0,52.0
531,37.0,54.0
532,26.0,75.0
533,33.0,68.0
534,29.0,54.0
535,27.0,62.0
536,28.0,56.0
537,36.0,60.0
538,25.0,52.0
539,43.0,70.0
540,24.0,85.0
541,30.0,36.0
542,43.0,72.0
543,27.0,55.0
544,23.0,58.0
545,23.0,63.0
546,34.0,60.0
547,33.0,60.0
548,32.0,59.0
549,29.0,68.0
550,32.0,51.0
551,28.0,55.0
552,29.0,45.0
553,30.0,56.0
554,39.0,52.0
555,31.0,51.0
556,22.0,60.0
557,23.0,60.0
558,31.0,59.0
559,32.0,58.0
560,34.0,59.0
561,29.0,56.0
562,29.0,46.0
563,27.0,46.0
564,26.0,46.0
565,26.0,52.0
566,31.0,54.0
567,31.0,43.0
568,31.0,51.0
569,25.0,52.0
570,35.0,56.0
571,34.0,36.0
572,29.0,38.0
573,27.0,46.0
574,20.0,51.0
575,25.0,53.0
576,29.0,60.0
577,18.0,52.0
578,21.0,73.0
579,30.0,69.0
580,25.0,56.0
581,36.0,35.0
582,29.0,40.0
583,23.0,41.0
584,25.0,46.0
585,35.0,54.0
586,32.0,54.0
587,27.0,52.0
588,33.0,40.0
589,31.0,38.0
590,28.0,63.0
591,26.0,45.0
592,17.0,45.0
593,22.0,40.0
594,23.0,41.0
595,18.0,47.0
596,27.0,55.0
597,35.0,41.0
598,22.0,40.0
599,24.0,42.0
600,12.0,42.0
601,16.0,52.0
602,27.0,43.0
603,26.0,37.0
604,22.0,34.0
605,17.0,28.0
606,34.0,50.0
607,18.0,41.0
608,16.0,35.0
609,22.0,38.0
610,25.0,46.0
611,20.0,45.0
612,16.0,48.0
613,27.0,60.0
614,23.0,39.0
615,30.0,40.0
616,25.0,37.0
617,27.0,45.0
618,19.0,49.0
619,29.0,37.0
620,19.0,43.0
621,24.0,46.0
622,18.0,32.0
623,20.0,43.0
624,19.0,40.0
625,20.0,39.0
626,37.0,49.0
627,26.0,34.0
628,22.0,42.0
629,35.0,56.0
630,24.0,36.0
631,24.0,41.0
632,22.0,41.0
633,13.0,44.0
634,25.0,40.0
635,22.0,39.0
636,24.0,41.0
637,25.0,37.0
638,24.0,33.0
639,32.0,43.0
640,25.0,26.0
641,31.0,31.0
642,23.0,32.0
643,24.0,40.0
644,17.0,44.0
645,21.0,29.0
646,29.0,37.0
647,18.0,46.0
648,21.0,34.0
649,21.0,38.0
650,13.0,54.0
651,27.0,36.0
652,20.0,35.0
653,19.0,32.0
654,17.0,36.0
655,27.0,29.0
656,13.0,35.0
657,29.0,46.0
658,18.0,40.0
659,19.0,30.0
660,18.0,24.0
661,16.0,40.0
662,20.0,40.0
663,19.0,43.0
664,15.0,36.0
665,19.0,33.0
666,25.0,28.0
667,29.0,27.0
668,14.0,24.0
669,28.0,39.0
670,13.0,46.0
671,23.0,37.0
672,16.0,38.0
673,21.0,46.0
674,20.0,51.0
675,16.0,33.0
676,21.0,37.0
677,14.0,30.0
678,17.0,45.0
679,15.0,33.0
680,27.0,48.0
681,16.0,31.0
682,12.0,29.0
683,21.0,39.0
684,14.0,29.0
685,12.0,29.0
686,17.0,28.0
687,17.0,23.0
688,22.0,33.0
689,11.0,38.0
690,16.0,27.0
691,17.0,26.0
692,16.0,61.0
693,22.0,45.0
694,17.0,40.0
695,14.0,26.0
696,26.0,33.0
697,19.0,34.0
698,18.0,27.0
699,19.0,36.0
700,10.0,34.0
701,18.0,26.0
702,17.0,34.0
703,13.0,27.0
704,15.0,35.0
705,17.0,29.0
706,15.0,33.0
707,17.0,23.0
708,17.0,33.0
709,19.0,23.0
710,23.0,18.0
711,20.0,26.0
712,12.0,21.0
713,14.0,21.0
714,17.0,33.0
715,19.0,28.0
716,9.0,35.0
717,18.0,30.0
718,14.0,26.0
719,17.0,27.0
720,16.0,38.0
721,22.0,21.0
722,11.0,31.0
723,13.0,39.0
724,11.0,23.0
725,11.0,22.0
726,17.0,33.0
727,15.0,24.0
728,15.0,25.0
729,13.0,23.0
730,13.0,30.0
731,13.0,30.0
732,11.0,22.0
733,15.0,43.0
734,20.0,23.0
735,12.0,21.0
736,24.0,23.0
737,14.0,34.0
738,11.0,25.0
739,11.0,39.0
740,14.0,25.0
741,18.0,26.0
742,10.0,25.0
743,18.0,27.0
744,15.0,31.0
745,18.0,24.0
746,16.0,24.0
747,26.0,36.0
748,11.0,27.0
749,14.0,29.0
750,17.0,17.0
751,14.0,18.0
752,15.0,25.0
753,7.0,36.0
754,12.0,28.0
755,15.0,21.0
756,15.0,19.0
757,9.0,28.0
758,13.0,25.0
759,9.0,33.0
760,11.0,26.0
761,9.0,17.0
762,20.0,35.0
763,14.0,18.0
764,18.0,35.0
765,8.0,28.0
766,10.0,27.0
767,10.0,21.0
768,6.0,24.0
769,19.0,31.0
770,11.0,30.0
771,16.0,36.0
772,16.0,38.0
773,16.0,82.0
774,18.0,47.0
775,9.0,24.0
776,10.0,25.0
777,9.0,20.0
778,17.0,24.0
779,8.0,21.0
780,15.0,28.0
781,10.0,28.0
782,13.0,18.0
783,10.0,16.0
784,14.0,30.0
785,8.0,22.0
786,9.0,21.0
787,13.0,23.0
788,12.0,21.0
789,14.0,23.0
790,17.0,20.0
791,10.0,32.0
792,11.0,29.0
793,12.0,26.0
794,10.0,17.0
795,14.0,24.0
796,9.0,36.0
797,15.0,33.0
798,17.0,29.0
799,5.0,27.0
800,10.0,28.0
801,15.0,16.0
802,13.0,17.0
803,11.0,21.0
804,12.0,28.0
805,14.0,23.0
806,14.0,23.0
807,19.0,28.0
808,19.0,31.0
809,14.0,32.0
810,15.0,21.0
811,8.0,25.0
812,7.0,20.0
813,9.0,20.0
814,8.0,27.0
815,12.0,21.0
816,12.0,24.0
817,14.0,24.0
818,17.0,24.0
819,12.0,17.0
820,9.0,21.0
821,7.0,19.0
822,6.0,24.0
823,7.0,23.0
824,12.0,16.0
825,16.0,24.0
826,16.0,23.0
827,17.0,16.0
828,5.0,20.0
829,17.0,21.0
830,13.0,14.0
831,12.0,19.0
832,14.0,19.0
833,6.0,28.0
834,13.0,19.0
835,8.0,30.0
836,13.0,15.0
837,15.0,24.0
838,5.0,25.0
839,10.0,22.0
840,12.0,28.0
841,9.0,25.0
842,19.0,16.0
843,9.0,21.0
844,7.0,14.0
845,14.0,16.0
846,9.0,29.0
847,12.0,25.0
848,7.0,21.0
849,9.0,27.0
850,9.0,20.0
851,7.0,22.0
852,14.0,23.0
853,11.0,23.0
854,7.0,19.0
855,15.0,23.0
856,11.0,26.0
857,12.0,31.0
858,9.0,18.0
859,11.0,14.0
860,8.0,22.0
861,11.0,14.0
862,10.0,16.0
863,7.0,24.0
864,12.0,13.0
865,10.0,24.0
866,11.0,26.0
867,8.0,21.0
868,5.0,12.0
869,18.0,18.0
870,15.0,14.0
871,13.0,29.0
872,20.0,11.0
873,7.0,22.0
874,5.0,33.0
875,9.0,15.0
876,10.0,17.0
877,6.0,20.0
878,7.0,14.0
879,11.0,14.0
880,8.0,18.0
881,4.0,19.0
882,10.0,23.0
883,13.0,19.0
884,7.0,18.0
885,8.0,19.0
886,7.0,19.0
887,6.0,12.0
888,7.0,21.0
889,14.0,22.0
890,8.0,31.0
891,11.0,18.0
892,10.0,18.0
893,7.0,14.0
894,9.0,18.0
895,12.0,15.0
896,15.0,11.0
897,10.0,16.0
898,6.0,15.0
899,4.0,25.0
900,6.0,17.0
901,4.0,16.0
902,12.0,18.0
903,14.0,19.0
904,8.0,11.0
905,13.0,21.0
906,12.0,15.0
907,11.0,22.0
908,10.0,21.0
909,6.0,16.0
910,4.0,19.0
911,8.0,18.0
912,9.0,19.0
913,8.0,22.0
914,12.0,15.0
915,8.0,18.0
916,9.0,19.0
917,12.0,14.0
918,11.0,17.0
919,9.0,18.0
920,5.0,12.0
921,8.0,14.0
922,9.0,18.0
923,13.0,24.0
924,9.0,13.0
925,6.0,15.0
926,8.0,22.0
927,10.0,19.0
928,12.0,17.0
929,5.0,16.0
930,12.0,10.0
931,10.0,16.0
932,13.0,13.0
933,11.0,12.0
934,5.0,21.0
935,10.0,13.0
936,8.0,9.0
937,11.0,18.0
938,6.0,10.0
939,5.0,13.0
940,9.0,9.0
941,4.0,15.0
942,9.0,15.0
943,15.0,20.0
944,15.0,19.0
945,11.0,14.0
946,9.0,19.0
947,8.0,14.0
948,4.0,14.0
949,9.0,20.0
950,7.0,17.0
951,6.0,15.0
952,4.0,12.0
953,8.0,12.0
954,15.0,19.0
955,9.0,19.0
956,6.0,13.0
957,6.0,40.0
958,4.0,21.0
959,8.0,14.0
960,11.0,14.0
961,6.0,21.0
962,10.0,11.0
963,7.0,12.0
964,6.0,10.0
965,4.0,13.0
966,9.0,11.0
967,8.0,17.0
968,8.0,20.0
969,8.0,23.0
970,6.0,16.0
971,13.0,17.0
972,6.0,12.0
973,12.0,16.0
974,8.0,17.0
975,3.0,13.0
976,7.0,24.0
977,5.0,14.0
978,6.0,14.0
979,5.0,21.0
980,7.0,18.0
981,7.0,14.0
982,8.0,16.0
983,6.0,9.0
984,3.0,17.0
985,5.0,10.0
986,10.0,16.0
987,5.0,8.0
988,4.0,14.0
989,8.0,12.0
990,3.0,12.0
991,11.0,18.0
992,5.0,11.0
993,7.0,16.0
994,8.0,12.0
995,9.0,14.0
996,3.0,15.0
997,8.0,13.0
998,3.0,18.0
999,6.0,28.0
1000,7.0,10.0
1001,11.0,5.0
1002,12.0,12.0
1003,4.0,9.0
1004,7.0,12.0
1005,8.0,18.0
1006,4.0,19.0
1007,5.0,14.0
1008,3.0,25.0
1009,6.0,36.0
1010,12.0,20.0
1011,5.0,10.0
1012,6.0,15.0
1013,4.0,21.0
1014,9.0,13.0
1015,6.0,16.0
1016,6.0,12.0
1017,7.0,12.0
1018,7.0,15.0
1019,7.0,16.0
1020,5.0,9.0
1021,8.0,14.0
1022,7.0,11.0
1023,8.0,15.0
1024,10.0,18.0
1025,4.0,11.0
1026,7.0,18.0
1027,5.0,7.0
1028,7.0,17.0
1029,9.0,18.0
1030,5.0,10.0
1031,4.0,8.0
1032,4.0,21.0
1033,5.0,7.0
1034,2.0,17.0
1035,7.0,12.0
1036,5.0,15.0
1037,4.0,17.0
1038,5.0,10.0
1039,5.0,11.0
1040,5.0,14.0
1041,5.0,17.0
1042,11.0,10.0
1043,7.0,18.0
1044,5.0,14.0
1045,8.0,10.0
1046,7.0,15.0
1047,9.0,21.0
1048,11.0,8.0
1049,4.0,17.0
1050,7.0,15.0
1051,1.0,10.0
1052,9.0,11.0
1053,4.0,7.0
1054,8.0,16.0
1055,6.0,14.0
1056,6.0,10.0
1057,7.0,15.0
1058,3.0,17.0
1059,7.0,12.0
1060,13.0,5.0
1061,7.0,10.0
1062,3.0,20.0
1063,6.0,19.0
1064,8.0,12.0
1065,7.0,10.0
1066,5.0,14.0
1067,3.0,24.0
1068,5.0,10.0
1069,4.0,16.0
1070,7.0,20.0
1071,5.0,10.0
1072,3.0,9.0
1073,6.0,8.0
1074,5.0,20.0
1075,10.0,14.0
1076,4.0,36.0
1077,4.0,19.0
1078,6.0,14.0
1079,7.0,11.0
1080,6.0,10.0
1081,3.0,11.0
1082,4.0,11.0
1083,7.0,13.0
1084,6.0,16.0
1085,10.0,10.0
1086,7.0,13.0
1087,7.0,35.0
1088,4.0,7.0
1089,2.0,17.0
1090,8.0,14.0
1091,2.0,5.0
1092,4.0,15.0
1093,4.0,11.0
1094,7.0,22.0
1095,5.0,19.0
1096,7.0,22.0
1097,6.0,15.0
1098,3.0,9.0
1099,3.0,19.0
1100,3.0,12.0
1101,7.0,13.0
1102,4.0,7.0
1103,5.0,13.0
1104,8.0,13.0
1105,5.0,8.0
1106,4.0,16.0
1107,6.0,9.0
1108,6.0,10.0
1109,7.0,9.0
1110,3.0,9.0
1111,5.0,9.0
1112,9.0,16.0
1113,3.0,6.0
1114,3.0,9.0
1115,3.0,15.0
1116,3.0,34.0
1117,5.0,14.0
1118,3.0,12.0
1119,5.0,15.0
1120,6.0,9.0
1121,4.0,14.0
1122,3.0,7.0
1123,6.0,7.0
1124,6.0,11.0
1125,4.0,6.0
1126,5.0,13.0
1127,5.0,13.0
1128,5.0,11.0
1129,5.0,4.0
1130,7.0,12.0
1131,0.0,6.0
1132,1.0,13.0
1133,4.0,10.0
1134,3.0,7.0
1135,4.0,4.0
1136,4.0,12.0
1137,3.0,9.0
1138,4.0,6.0
1139,4.0,9.0
1140,2.0,8.0
1141,1.0,11.0
1142,7.0,4.0
1143,7.0,4.0
1144,4.0,4.0
1145,5.0,14.0
1146,6.0,10.0
1147,3.0,8.0
1148,9.0,12.0
1149,5.0,9.0
1150,2.0,8.0
1151,4.0,15.0
1152,4.0,10.0
1153,8.0,9.0
1154,5.0,10.0
1155,7.0,14.0
1156,5.0,9.0
1157,2.0,7.0
1158,9.0,6.0
1159,4.0,5.0
1160,4.0,9.0
1161,5.0,8.0
1162,1.0,12.0
1163,5.0,5.0
1164,3.0,12.0
1165,2.0,14.0
1166,2.0,7.0
1167,7.0,4.0
1168,5.0,7.0
1169,0.0,6.0
1170,8.0,10.0
1171,2.0,5.0
1172,6.0,15.0
1173,8.0,7.0
1174,3.0,24.0
1175,6.0,5.0
1176,1.0,8.0
1177,3.0,7.0
1178,2.0,11.0
1179,8.0,7.0
1180,4.0,7.0
1181,4.0,7.0
1182,5.0,17.0
1183,4.0,3.0
1184,5.0,4.0
1185,2.0,3.0
1186,4.0,11.0
1187,3.0,8.0
1188,6.0,8.0
1189,6.0,9.0
1190,6.0,7.0
1191,3.0,4.0
1192,6.0,8.0
1193,2.0,7.0
1194,2.0,4.0
1195,9.0,4.0
1196,1.0,11.0
1197,2.0,4.0
1198,6.0,5.0
1199,5.0,4.0
1200,3.0,5.0
1201,2.0,9.0
1202,2.0,7.0
1203,4.0,12.0
1204,5.0,9.0
1205,3.0,10.0
1206,4.0,13.0
1207,6.0,6.0
1208,3.0,9.0
1209,6.0,9.0
1210,6.0,8.0
1211,5.0,5.0
1212,3.0,8.0
1213,4.0,9.0
1214,4.0,16.0
1215,6.0,13.0
1216,5.0,14.0
1217,4.0,4.0
1218,6.0,9.0
1219,3.0,6.0
1220,5.0,5.0
1221,3.0,4.0
1222,4.0,4.0
1223,5.0,12.0
1224,5.0,7.0
1225,3.0,7.0
1226,3.0,9.0
1227,3.0,4.0
1228,1.0,10.0
1229,6.0,4.0
1230,1.0,7.0
1231,4.0,5.0
1232,4.0,12.0
1233,5.0,6.0
1234,7.0,9.0
1235,6.0,4.0
1236,6.0,14.0
1237,3.0,7.0
1238,5.0,10.0
1239,1.0,9.0
1240,1.0,8.0
1241,5.0,4.0
1242,6.0,5.0
1243,5.0,8.0
1244,3.0,6.0
1245,0.0,5.0
1246,7.0,8.0
1247,4.0,8.0
1248,1.0,13.0
1249,6.0,3.0
1250,6.0,15.0
1251,6.0,6.0
1252,2.0,11.0
1253,2.0,8.0
1254,5.0,9.0
1255,2.0,12.0
1256,3.0,4.0
1257,3.0,11.0
1258,6.0,5.0
1259,3.0,9.0
1260,3.0,4.0
1261,2.0,24.0
1262,4.0,6.0
1263,2.0,10.0
1264,1.0,12.0
1265,1.0,9.0
1266,5.0,5.0
1267,5.0,10.0
1268,1.0,7.0
1269,3.0,9.0
1270,5.0,6.0
1271,2.0,8.0
1272,4.0,12.0
1273,5.0,6.0
1274,6.0,20.0
1275,4.0,14.0
1276,5.0,3.0
1277,2.0,6.0
1278,4.0,10.0
1279,5.0,8.0
1280,5.0,7.0
1281,6.0,11.0
1282,2.0,6.0
1283,3.0,12.0
1284,3.0,18.0
1285,3.0,10.0
1286,1.0,5.0
1287,3.0,15.0
1288,2.0,7.0
1289,3.0,11.0
1290,3.0,11.0
1291,1.0,23.0
1292,2.0,7.0
1293,5.0,7.0
1294,3.0,7.0
1295,4.0,5.0
1296,3.0,6.0
1297,2.0,3.0
1298,1.0,14.0
1299,5.0,9.0
1300,5.0,9.0
1301,2.0,3.0
1302,2.0,2.0
1303,6.0,9.0
1304,4.0,8.0
1305,0.0,8.0
1306,5.0,7.0
1307,3.0,2.0
1308,2.0,8.0
1309,2.0,10.0
1310,2.0,10.0
1311,6.0,11.0
1312,2.0,12.0
1313,2.0,5.0
1314,1.0,8.0
1315,6.0,3.0
1316,2.0,11.0
1317,3.0,8.0
1318,2.0,6.0
1319,1.0,8.0
1320,2.0,3.0
1321,1.0,5.0
1322,2.0,11.0
1323,4.0,7.0
1324,2.0,9.0
1325,3.0,8.0
1326,5.0,4.0
1327,3.0,9.0
1328,6.0,5.0
1329,5.0,8.0
1330,4.0,7.0
1331,5.0,9.0
1332,2.0,13.0
1333,3.0,5.0
1334,1.0,4.0
1335,5.0,12.0
1336,1.0,4.0
1337,5.0,7.0
1338,2.0,3.0
1339,2.0,2.0
1340,2.0,3.0
1341,2.0,5.0
1342,8.0,5.0
1343,2.0,5.0
1344,3.0,4.0
1345,1.0,3.0
1346,1.0,12.0
1347,8.0,13.0
1348,4.0,7.0
1349,5.0,8.0
1350,1.0,7.0
1351,3.0,7.0
1352,1.0,5.0
1353,6.0,16.0
1354,1.0,4.0
1355,1.0,11.0
1356,0.0,11.0
1357,9.0,102.0
1358,6.0,33.0
1359,4.0,22.0
1360,2.0,21.0
1361,3.0,13.0
1362,3.0,6.0
1363,2.0,13.0
1364,1.0,8.0
1365,3.0,10.0
1366,2.0,4.0
1367,2.0,11.0
1368,3.0,10.0
1369,5.0,17.0
1370,6.0,10.0
1371,1.0,13.0
1372,6.0,9.0
1373,2.0,4.0
1374,7.0,10.0
1375,2.0,10.0
1376,5.0,7.0
1377,5.0,15.0
1378,3.0,52.0
1379,1.0,9.0
1380,3.0,12.0
1381,1.0,4.0
1382,4.0,9.0
1383,4.0,56.0
1384,3.0,10.0
1385,2.0,11.0
1386,2.0,13.0
1387,3.0,6.0
1388,1.0,9.0
1389,1.0,5.0
1390,1.0,6.0
1391,2.0,4.0
1392,5.0,7.0
1393,4.0,12.0
1394,2.0,7.0
1395,3.0,6.0
1396,1.0,5.0
1397,1.0,1.0
1398,2.0,8.0
1399,4.0,7.0
1400,3.0,8.0
1401,1.0,6.0
1402,1.0,6.0
1403,3.0,8.0
1404,3.0,8.0
1405,3.0,7.0
1406,1.0,5.0
1407,2.0,5.0
1408,2.0,9.0
1409,2.0,9.0
1410,1.0,2.0
1411,2.0,4.0
1412,5.0,10.0
1413,6.0,4.0
1414,3.0,2.0
1415,1.0,10.0
1416,1.0,5.0
1417,1.0,3.0
1418,1.0,3.0
1419,4.0,3.0
1420,3.0,9.0
1421,1.0,8.0
1422,3.0,9.0
1423,4.0,5.0
1424,2.0,7.0
1425,3.0,9.0
1426,5.0,4.0
1427,1.0,6.0
1428,2.0,12.0
1429,1.0,4.0
1430,1.0,5.0
1431,2.0,8.0
1432,3.0,4.0
1433,2.0,2.0
1434,3.0,7.0
1435,0.0,3.0
1436,1.0,5.0
1437,5.0,7.0
1438,1.0,7.0
1439,6.0,11.0
1440,1.0,3.0
1441,1.0,7.0
1442,4.0,9.0
1443,3.0,6.0
1444,1.0,3.0
1445,1.0,9.0
1446,2.0,7.0
1447,3.0,10.0
1448,1.0,34.0
1449,3.0,7.0
1450,4.0,5.0
1451,5.0,5.0
1452,1.0,3.0
1453,3.0,6.0
1454,1.0,2.0
1455,1.0,11.0
1456,2.0,10.0
1457,2.0,3.0
1458,3.0,4.0
1459,1.0,3.0
1460,3.0,4.0
1461,4.0,1.0
1462,2.0,4.0
1463,1.0,2.0
1464,4.0,9.0
1465,0.0,6.0
1466,2.0,8.0
1467,2.0,3.0
1468,2.0,5.0
1469,5.0,10.0
1470,4.0,4.0
1471,2.0,2.0
1472,2.0,9.0
1473,2.0,5.0
1474,0.0,3.0
1475,1.0,8.0
1476,1.0,6.0
1477,0.0,4.0
1478,1.0,5.0
1479,3.0,4.0
1480,1.0,6.0
1481,2.0,6.0
1482,3.0,2.0
1483,3.0,4.0
1484,1.0,7.0
1485,2.0,3.0
1486,2.0,4.0
1487,2.0,5.0
1488,6.0,8.0
1489,1.0,6.0
1490,2.0,5.0
1491,0.0,2.0
1492,3.0,1.0
1493,3.0,6.0
1494,2.0,7.0
1495,4.0,5.0
1496,4.0,4.0
1497,2.0,3.0
1498,2.0,2.0
1499,4.0,3.0
1500,1.0,5.0
1501,4.0,3.0
1502,3.0,3.0
1503,3.0,4.0
1504,2.0,5.0
1505,2.0,7.0
1506,3.0,7.0
1507,4.0,8.0
1508,2.0,2.0
1509,1.0,3.0
1510,2.0,3.0
1511,2.0,3.0
1512,4.0,4.0
1513,2.0,5.0
1514,1.0,8.0
1515,1.0,1.0
1516,4.0,17.0
1517,1.0,7.0
1518,3.0,3.0
1519,3.0,3.0
1520,4.0,2.0
1521,4.0,13.0
1522,1.0,68.0
1523,1.0,41.0
1524,3.0,4.0
1525,1.0,7.0
1526,0.0,7.0
1527,5.0,3.0
1528,6.0,2.0
1529,4.0,9.0
1530,2.0,4.0
1531,1.0,4.0
1532,1.0,5.0
1533,2.0,2.0
1534,1.0,4.0
1535,0.0,4.0
1536,3.0,4.0
1537,2.0,6.0
1538,0.0,9.0
1539,1.0,5.0
1540,2.0,5.0
1541,2.0,5.0
1542,3.0,7.0
1543,2.0,16.0
1544,2.0,6.0
1545,2.0,4.0
1546,2.0,8.0
1547,2.0,7.0
1548,0.0,7.0
1549,2.0,8.0
1550,1.0,7.0
1551,2.0,5.0
1552,2.0,5.0
1553,3.0,3.0
1554,3.0,5.0
1555,2.0,7.0
1556,0.0,4.0
1557,2.0,2.0
1558,1.0,5.0
1559,4.0,4.0
1560,3.0,4.0
1561,1.0,4.0
1562,1.0,4.0
1563,0.0,2.0
1564,2.0,3.0
1565,1.0,5.0
1566,6.0,3.0
1567,0.0,3.0
1568,0.0,7.0
1569,1.0,6.0
1570,0.0,3.0
1571,3.0,2.0
1572,1.0,5.0
1573,0.0,6.0
1574,0.0,8.0
1575,2.0,5.0
1576,4.0,3.0
1577,0.0,5.0
1578,4.0,6.0
1579,3.0,3.0
1580,0.0,6.0
1581,2.0,1.0
1582,0.0,2.0
1583,3.0,3.0
1584,2.0,7.0
1585,4.0,2.0
1586,2.0,4.0
1587,0.0,5.0
1588,1.0,8.0
1589,2.0,6.0
1590,4.0,6.0
1591,3.0,4.0
1592,1.0,4.0
1593,2.0,5.0
1594,2.0,4.0
1595,4.0,4.0
1596,1.0,8.0
1597,3.0,3.0
1598,2.0,2.0
1599,2.0,3.0
1600,4.0,1.0
1601,0.0,9.0
1602,1.0,5.0
1603,1.0,1.0
1604,2.0,2.0
1605,2.0,3.0
1606,2.0,0.0
1607,1.0,2.0
1608,1.0,4.0
1609,1.0,7.0
1610,1.0,2.0
1611,2.0,4.0
1612,2.0,1.0
1613,2.0,4.0
1614,2.0,9.0
1615,2.0,4.0
1616,3.0,7.0
1617,3.0,4.0
1618,2.0,1.0
1619,2.0,5.0
1620,3.0,2.0
1621,0.0,2.0
1622,3.0,5.0
1623,1.0,4.0
1624,1.0,6.0
1625,3.0,2.0
1626,3.0,2.0
1627,1.0,5.0
1628,0.0,9.0
1629,1.0,2.0
1630,3.0,6.0
1631,1.0,3.0
1632,1.0,5.0
1633,4.0,6.0
1634,1.0,1.0
1635,1.0,4.0
1636,1.0,1.0
1637,2.0,1.0
1638,0.0,8.0
1639,0.0,4.0
1640,3.0,8.0
1641,1.0,7.0
1642,0.0,4.0
1643,1.0,8.0
1644,0.0,6.0
1645,4.0,3.0
1646,2.0,3.0
1647,1.0,11.0
1648,0.0,3.0
1649,1.0,3.0
1650,1.0,0.0
1651,2.0,2.0
1652,2.0,0.0
1653,1.0,2.0
1654,4.0,4.0
1655,3.0,6.0
1656,2.0,1.0
1657,1.0,7.0
1658,0.0,4.0
1659,0.0,4.0
1660,0.0,4.0
1661,2.0,4.0
1662,0.0,1.0
1663,1.0,8.0
1664,2.0,4.0
1665,3.0,0.0
1666,0.0,3.0
1667,3.0,5.0
1668,2.0,10.0
1669,1.0,1.0
1670,1.0,5.0
1671,0.0,5.0
1672,2.0,5.0
1673,0.0,2.0
1674,2.0,0.0
1675,0.0,3.0
1676,2.0,2.0
1677,0.0,3.0
1678,1.0,5.0
1679,2.0,5.0
1680,0.0,6.0
1681,1.0,3.0
1682,1.0,7.0
1683,0.0,2.0
1684,1.0,6.0
1685,0.0,5.0
1686,1.0,4.0
1687,2.0,3.0
1688,1.0,1.0
1689,0.0,3.0
1690,4.0,4.0
1691,9.0,8.0
1692,0.0,4.0
1693,2.0,9.0
1694,1.0,4.0
1695,0.0,2.0
1696,4.0,3.0
1697,1.0,8.0
1698,1.0,3.0
1699,1.0,8.0
1700,5.0,3.0
1701,4.0,6.0
1702,1.0,7.0
1703,2.0,6.0
1704,1.0,4.0
1705,2.0,1.0
1706,2.0,2.0
1707,2.0,7.0
1708,2.0,3.0
1709,1.0,2.0
1710,2.0,5.0
1711,1.0,6.0
1712,0.0,3.0
1713,0.0,2.0
1714,1.0,2.0
1715,2.0,4.0
1716,1.0,3.0
1717,2.0,1.0
1718,6.0,3.0
1719,1.0,2.0
1720,1.0,7.0
1721,3.0,5.0
1722,4.0,2.0
1723,1.0,3.0
1724,2.0,3.0
1725,1.0,4.0
1726,1.0,5.0
1727,1.0,3.0
1728,3.0,7.0
1729,2.0,2.0
1730,1.0,3.0
1731,0.0,9.0
1732,2.0,9.0
1734,2.0,4.0
1735,1.0,7.0
1736,0.0,4.0
1737,1.0,4.0
1738,1.0,9.0
1739,1.0,6.0
1740,2.0,7.0
1741,2.0,3.0
1742,3.0,5.0
1743,2.0,2.0
1744,3.0,3.0
1745,0.0,1.0
1746,2.0,4.0
1747,3.0,3.0
1748,0.0,4.0
1749,3.0,3.0
1750,1.0,2.0
1751,2.0,1.0
1752,0.0,2.0
1753,4.0,5.0
1754,1.0,8.0
1755,2.0,3.0
1756,0.0,5.0
1757,3.0,5.0
1758,0.0,2.0
1759,0.0,4.0
1760,2.0,2.0
1761,1.0,22.0
1762,2.0,9.0
1763,3.0,2.0
1764,1.0,13.0
1765,1.0,6.0
1766,0.0,11.0
1767,0.0,5.0
1768,2.0,1.0
1769,1.0,44.0
1770,1.0,13.0
1771,1.0,6.0
1772,1.0,19.0
1773,1.0,6.0
1774,0.0,4.0
1775,1.0,8.0
1776,2.0,5.0
1777,2.0,7.0
1778,2.0,4.0
1779,1.0,3.0
1780,6.0,6.0
1781,3.0,5.0
1782,1.0,2.0
1783,1.0,1.0
1784,5.0,14.0
1785,1.0,5.0
1786,1.0,3.0
1787,4.0,3.0
1788,0.0,9.0
1789,3.0,3.0
1790,1.0,4.0
1791,3.0,6.0
1792,1.0,7.0
1793,0.0,7.0
1794,2.0,1.0
1795,0.0,3.0
1796,1.0,4.0
1797,4.0,5.0
1798,3.0,5.0
1799,0.0,11.0
1800,1.0,1.0
1801,1.0,2.0
1802,1.0,2.0
1803,4.0,4.0
1804,1.0,5.0
1805,3.0,5.0
1806,0.0,15.0
1807,0.0,6.0
1808,4.0,7.0
1809,0.0,4.0
1810,1.0,4.0
1811,3.0,0.0
1812,2.0,1.0
1813,0.0,4.0
1814,0.0,5.0
1815,2.0,4.0
1816,2.0,7.0
1817,2.0,3.0
1818,0.0,4.0
1819,2.0,4.0
1820,0.0,6.0
1821,0.0,3.0
1822,0.0,3.0
1823,0.0,3.0
1824,3.0,7.0
1825,1.0,1.0
1826,4.0,4.0
1827,3.0,3.0
1828,2.0,2.0
1829,3.0,6.0
1830,1.0,5.0
1831,0.0,1.0
1832,2.0,2.0
1833,2.0,1.0
1834,3.0,3.0
1836,0.0,9.0
1837,1.0,4.0
1838,0.0,1.0
1839,0.0,4.0
1840,1.0,3.0
1841,1.0,0.0
1842,2.0,1.0
1843,1.0,4.0
1844,4.0,7.0
1845,2.0,4.0
1846,2.0,2.0
1847,0.0,5.0
1848,1.0,4.0
1849,0.0,1.0
1850,2.0,4.0
1851,3.0,0.0
1852,1.0,0.0
1853,0.0,4.0
1854,3.0,4.0
1855,1.0,0.0
1856,0.0,4.0
1857,1.0,2.0
1858,2.0,1.0
1859,0.0,2.0
1860,0.0,6.0
1861,1.0,6.0
1862,1.0,5.0
1863,2.0,4.0
1864,0.0,1.0
1865,0.0,3.0
1866,0.0,2.0
1867,0.0,6.0
1868,0.0,2.0
1869,2.0,3.0
1870,2.0,0.0
1871,0.0,2.0
1872,1.0,6.0
1873,1.0,3.0
1874,0.0,4.0
1875,0.0,4.0
1876,0.0,2.0
1877,3.0,2.0
1878,0.0,2.0
1879,1.0,6.0
1880,2.0,2.0
1881,2.0,4.0
1882,1.0,3.0
1883,2.0,3.0
1884,2.0,3.0
1885,0.0,6.0
1886,1.0,4.0
1887,2.0,2.0
1888,1.0,3.0
1889,1.0,5.0
1890,1.0,6.0
1891,0.0,2.0
1892,3.0,3.0
1893,1.0,4.0
1894,1.0,1.0
1895,0.0,6.0
1896,0.0,3.0
1897,3.0,2.0
1898,1.0,4.0
1900,3.0,0.0
1902,3.0,3.0
1903,4.0,4.0
1904,0.0,2.0
1905,1.0,2.0
1906,1.0,3.0
1907,0.0,1.0
1908,1.0,7.0
1909,0.0,3.0
1910,0.0,4.0
1911,0.0,2.0
1912,0.0,2.0
1913,0.0,3.0
1914,2.0,2.0
1915,2.0,2.0
1916,0.0,5.0
1917,1.0,4.0
1918,0.0,2.0
1919,0.0,5.0
1920,0.0,4.0
1921,1.0,5.0
1922,1.0,3.0
1923,1.0,0.0
1924,1.0,4.0
1925,0.0,1.0
1926,0.0,2.0
1927,2.0,4.0
1928,5.0,1.0
1929,2.0,1.0
1930,2.0,2.0
1931,0.0,2.0
1932,0.0,2.0
1933,0.0,4.0
1934,1.0,2.0
1935,1.0,2.0
1936,1.0,4.0
1937,1.0,4.0
1938,1.0,3.0
1940,0.0,5.0
1941,2.0,0.0
1942,0.0,1.0
1943,0.0,4.0
1944,1.0,0.0
1945,0.0,2.0
1946,0.0,6.0
1947,2.0,4.0
1948,0.0,1.0
1949,2.0,4.0
1950,2.0,3.0
1951,1.0,1.0
1952,2.0,2.0
1953,2.0,1.0
1954,0.0,3.0
1955,0.0,3.0
1956,1.0,2.0
1957,2.0,2.0
1958,1.0,2.0
1959,2.0,1.0
1960,2.0,2.0
1961,2.0,1.0
1962,1.0,1.0
1963,2.0,2.0
1964,0.0,4.0
1965,1.0,4.0
1966,1.0,3.0
1967,0.0,2.0
1968,1.0,2.0
1969,0.0,4.0
1970,0.0,4.0
1971,2.0,5.0
1972,0.0,2.0
1973,1.0,3.0
1974,1.0,3.0
1975,0.0,1.0
1976,1.0,2.0
1977,0.0,1.0
1978,1.0,5.0
1979,4.0,14.0
1980,2.0,5.0
1981,5.0,2.0
1982,2.0,4.0
1983,1.0,3.0
1984,4.0,4.0
1985,1.0,7.0
1986,1.0,3.0
1987,1.0,4.0
1988,2.0,5.0
1989,0.0,2.0
1990,2.0,1.0
1991,1.0,6.0
1992,3.0,0.0
1993,1.0,1.0
1994,1.0,3.0
1995,0.0,4.0
1996,1.0,0.0
1997,0.0,1.0
1998,0.0,4.0
1999,0.0,3.0
2000,2.0,2.0
2001,0.0,2.0
2002,0.0,1.0
2003,1.0,2.0
2004,1.0,1.0
2005,1.0,1.0
2006,0.0,2.0
2007,2.0,1.0
2008,1.0,3.0
2009,0.0,1.0
2010,0.0,4.0
2011,1.0,2.0
2013,2.0,1.0
2014,2.0,2.0
2015,0.0,3.0
2016,0.0,3.0
2017,3.0,0.0
2018,1.0,1.0
2019,1.0,3.0
2020,1.0,1.0
2021,0.0,3.0
2022,1.0,3.0
2023,3.0,4.0
2024,0.0,1.0
2025,1.0,2.0
2026,3.0,0.0
2027,1.0,0.0
2028,0.0,2.0
2030,0.0,2.0
2031,1.0,1.0
2032,0.0,2.0
2034,2.0,2.0
2035,2.0,2.0
2036,2.0,2.0
2037,0.0,5.0
2038,2.0,2.0
2039,2.0,4.0
2040,1.0,2.0
2041,0.0,3.0
2042,2.0,4.0
2043,1.0,1.0
2044,0.0,6.0
2045,2.0,3.0
2046,2.0,2.0
2047,0.0,2.0
2048,1.0,5.0
2049,2.0,4.0
2050,1.0,1.0
2051,3.0,3.0
2052,3.0,1.0
2054,1.0,2.0
2055,0.0,1.0
2056,0.0,3.0
2057,2.0,4.0
2058,0.0,1.0
2059,1.0,1.0
2060,1.0,0.0
2061,0.0,1.0
2062,1.0,2.0
2063,0.0,3.0
2064,2.0,1.0
2065,1.0,3.0
2066,1.0,5.0
2067,0.0,1.0
2068,0.0,2.0
2069,1.0,1.0
2070,0.0,1.0
2071,0.0,8.0
2072,2.0,1.0
2073,1.0,1.0
2074,3.0,2.0
2075,4.0,3.0
2076,0.0,2.0
2077,1.0,2.0
2078,2.0,0.0
2079,0.0,2.0
2080,0.0,2.0
2081,2.0,1.0
2082,2.0,1.0
2083,3.0,1.0
2084,0.0,1.0
2085,2.0,2.0
2086,0.0,1.0
2087,0.0,1.0
2088,2.0,1.0
2089,0.0,5.0
2090,0.0,1.0
2091,1.0,3.0
2092,5.0,0.0
2093,1.0,1.0
2094,1.0,4.0
2095,0.0,2.0
2096,0.0,5.0
2097,0.0,3.0
2098,0.0,2.0
2099,2.0,2.0
2100,1.0,0.0
2101,0.0,2.0
2102,1.0,0.0
2103,0.0,1.0
2104,1.0,2.0
2105,3.0,0.0
2106,1.0,1.0
2107,2.0,0.0
2108,2.0,1.0
2109,1.0,0.0
2110,1.0,1.0
2111,0.0,3.0
2112,1.0,0.0
2113,0.0,5.0
2114,1.0,1.0
2115,3.0,3.0
2116,0.0,2.0
2117,1.0,0.0
2118,0.0,1.0
2119,1.0,1.0
2120,0.0,2.0
2121,0.0,2.0
2122,0.0,1.0
2123,1.0,3.0
2124,0.0,2.0
2125,1.0,1.0
2126,0.0,3.0
2128,2.0,1.0
2129,1.0,2.0
2130,0.0,1.0
2131,2.0,4.0
2132,1.0,1.0
2133,1.0,2.0
2134,2.0,2.0
2136,2.0,0.0
2138,2.0,0.0
2139,1.0,0.0
2140,2.0,2.0
2141,0.0,1.0
2142,0.0,1.0
2143,0.0,5.0
2144,0.0,2.0
2145,0.0,3.0
2146,0.0,2.0
2147,0.0,2.0
2148,0.0,1.0
2149,2.0,3.0
2150,1.0,0.0
2151,1.0,3.0
2152,3.0,2.0
2153,1.0,1.0
2154,1.0,6.0
2155,2.0,4.0
2156,0.0,3.0
2157,0.0,3.0
2158,2.0,5.0
2159,4.0,26.0
2160,0.0,2.0
2161,1.0,2.0
2162,0.0,2.0
2163,0.0,2.0
2164,0.0,4.0
2165,2.0,0.0
2166,2.0,1.0
2167,1.0,4.0
2168,1.0,1.0
2171,2.0,2.0
2172,0.0,3.0
2173,1.0,3.0
2174,0.0,1.0
2176,0.0,1.0
2177,0.0,4.0
2178,1.0,1.0
2179,1.0,0.0
2180,0.0,1.0
2181,1.0,0.0
2182,1.0,2.0
2183,0.0,3.0
2184,1.0,2.0
2185,1.0,2.0
2186,4.0,1.0
2187,1.0,4.0
2188,1.0,2.0
2189,0.0,1.0
2190,0.0,2.0
2191,0.0,1.0
2192,1.0,2.0
2193,1.0,1.0
2194,0.0,3.0
2195,1.0,1.0
2196,0.0,1.0
2197,0.0,2.0
2198,0.0,2.0
2200,1.0,3.0
2201,0.0,4.0
2202,0.0,4.0
2203,1.0,1.0
2204,0.0,1.0
2205,1.0,3.0
2206,0.0,5.0
2207,3.0,2.0
2208,0.0,5.0
2209,0.0,3.0
2211,0.0,1.0
2212,2.0,0.0
2214,1.0,0.0
2215,1.0,1.0
2216,1.0,5.0
2217,1.0,0.0
2218,1.0,4.0
2219,0.0,2.0
2221,2.0,0.0
2222,0.0,3.0
2223,1.0,3.0
2224,2.0,3.0
2225,1.0,10.0
2226,2.0,0.0
2227,0.0,2.0
2228,0.0,2.0
2229,0.0,1.0
2230,1.0,2.0
2231,1.0,4.0
2232,1.0,1.0
2235,0.0,3.0
2236,1.0,1.0
2237,0.0,3.0
2238,0.0,2.0
2240,0.0,2.0
2241,0.0,4.0
2242,1.0,0.0
2243,0.0,3.0
2244,1.0,0.0
2245,0.0,1.0
2246,0.0,2.0
2247,1.0,1.0
2248,2.0,2.0
2249,2.0,3.0
2250,0.0,2.0
2252,1.0,2.0
2253,1.0,2.0
2254,0.0,5.0
2256,1.0,2.0
2257,2.0,1.0
2258,1.0,1.0
2259,1.0,0.0
2260,3.0,1.0
2261,2.0,2.0
2262,0.0,3.0
2263,1.0,3.0
2264,1.0,2.0
2265,0.0,1.0
2266,0.0,1.0
2267,3.0,3.0
2269,0.0,3.0
2270,0.0,1.0
2272,1.0,0.0
2273,0.0,2.0
2274,1.0,2.0
2276,0.0,3.0
2277,2.0,5.0
2278,0.0,1.0
2279,1.0,2.0
2280,1.0,0.0
2281,0.0,2.0
2282,0.0,1.0
2284,2.0,2.0
2285,0.0,1.0
2286,0.0,1.0
2287,0.0,2.0
2289,1.0,0.0
2291,3.0,0.0
2292,1.0,0.0
2293,3.0,1.0
2294,1.0,1.0
2295,1.0,3.0
2296,2.0,2.0
2298,1.0,3.0
2299,0.0,1.0
2300,1.0,2.0
2301,1.0,3.0
2302,1.0,0.0
2303,1.0,2.0
2304,3.0,4.0
2306,1.0,3.0
2307,1.0,1.0
2308,3.0,1.0
2309,0.0,2.0
2310,0.0,1.0
2311,0.0,5.0
2312,0.0,22.0
2313,0.0,2.0
2314,0.0,2.0
2315,0.0,3.0
2316,1.0,0.0
2318,0.0,1.0
2319,2.0,0.0
2321,0.0,2.0
2322,1.0,1.0
2323,3.0,0.0
2324,0.0,1.0
2325,3.0,0.0
2326,1.0,3.0
2327,4.0,14.0
2328,0.0,1.0
2329,1.0,4.0
2330,1.0,5.0
2331,0.0,1.0
2332,1.0,0.0
2333,0.0,2.0
2334,0.0,1.0
2335,1.0,1.0
2337,1.0,0.0
2338,4.0,0.0
2339,1.0,2.0
2340,0.0,2.0
2342,0.0,1.0
2343,2.0,0.0
2344,0.0,2.0
2345,1.0,1.0
2346,1.0,3.0
2347,0.0,2.0
2348,0.0,2.0
2349,0.0,2.0
2350,0.0,1.0
2351,1.0,2.0
2352,2.0,1.0
2353,0.0,1.0
2354,1.0,1.0
2355,0.0,1.0
2356,1.0,4.0
2357,1.0,1.0
2358,0.0,3.0
2360,1.0,2.0
2361,0.0,1.0
2362,2.0,1.0
2363,0.0,4.0
2364,0.0,2.0
2365,0.0,2.0
2366,0.0,1.0
2367,0.0,1.0
2369,0.0,1.0
2370,1.0,2.0
2371,0.0,1.0
2372,1.0,2.0
2376,0.0,3.0
2377,1.0,1.0
2378,1.0,0.0
2379,1.0,0.0
2380,0.0,2.0
2381,1.0,2.0
2382,0.0,2.0
2383,0.0,2.0
2384,1.0,0.0
2385,0.0,2.0
2386,1.0,1.0
2387,0.0,1.0
2388,1.0,0.0
2389,0.0,1.0
2390,0.0,1.0
2391,0.0,1.0
2392,0.0,1.0
2393,0.0,4.0
2394,1.0,1.0
2395,1.0,2.0
2396,1.0,1.0
2397,0.0,1.0
2398,4.0,0.0
2399,0.0,6.0
2400,0.0,2.0
2401,0.0,1.0
2403,0.0,2.0
2404,1.0,1.0
2405,1.0,1.0
2407,0.0,2.0
2408,0.0,3.0
2409,1.0,4.0
2410,1.0,2.0
2412,0.0,1.0
2414,0.0,2.0
2416,1.0,1.0
2417,0.0,1.0
2418,1.0,0.0
2419,0.0,1.0
2421,0.0,2.0
2423,0.0,3.0
2424,2.0,1.0
2428,0.0,1.0
2429,0.0,1.0
2430,1.0,0.0
2431,0.0,1.0
2432,0.0,1.0
2433,2.0,3.0
2434,0.0,1.0
2435,2.0,1.0
2436,1.0,1.0
2437,0.0,1.0
2438,2.0,1.0
2439,2.0,5.0
2440,0.0,1.0
2441,0.0,4.0
2442,1.0,1.0
2443,1.0,4.0
2444,0.0,2.0
2445,1.0,2.0
2446,2.0,2.0
2447,1.0,1.0
2448,1.0,1.0
2449,0.0,6.0
2450,0.0,2.0
2451,1.0,0.0
2452,0.0,1.0
2454,2.0,0.0
2455,0.0,1.0
2456,2.0,1.0
2457,0.0,2.0
2458,0.0,1.0
2459,0.0,1.0
2461,0.0,1.0
2462,2.0,1.0
2463,0.0,1.0
2464,1.0,2.0
2465,0.0,5.0
2466,0.0,1.0
2467,0.0,3.0
2468,1.0,0.0
2469,1.0,2.0
2470,0.0,1.0
2471,2.0,1.0
2472,1.0,0.0
2473,1.0,0.0
2474,1.0,3.0
2475,1.0,1.0
2476,1.0,1.0
2477,0.0,1.0
2478,0.0,1.0
2479,0.0,1.0
2480,0.0,1.0
2482,0.0,2.0
2483,1.0,0.0
2484,0.0,1.0
2485,1.0,1.0
2486,2.0,0.0
2488,1.0,3.0
2489,0.0,1.0
2490,0.0,1.0
2491,1.0,2.0
2492,0.0,2.0
2493,6.0,15.0
2494,1.0,5.0
2495,0.0,1.0
2496,1.0,7.0
2497,1.0,2.0
2498,1.0,3.0
2499,3.0,1.0
2500,0.0,1.0
2501,1.0,2.0
2502,0.0,1.0
2504,1.0,3.0
2505,1.0,3.0
2506,0.0,4.0
2507,0.0,2.0
2509,0.0,2.0
2510,1.0,1.0
2511,0.0,2.0
2512,0.0,2.0
2513,0.0,1.0
2514,0.0,1.0
2515,0.0,1.0
2516,1.0,4.0
2517,1.0,2.0
2519,1.0,3.0
2520,1.0,3.0
2521,2.0,0.0
2522,0.0,1.0
2523,1.0,1.0
2524,1.0,2.0
2526,0.0,2.0
2528,1.0,0.0
2531,0.0,3.0
2532,1.0,1.0
2533,1.0,3.0
2534,0.0,1.0
2535,0.0,1.0
2536,1.0,1.0
2537,0.0,1.0
2538,1.0,3.0
2541,0.0,2.0
2542,1.0,3.0
2544,0.0,3.0
2545,1.0,1.0
2546,1.0,1.0
2548,0.0,1.0
2549,1.0,0.0
2550,1.0,0.0
2551,0.0,1.0
2552,1.0,0.0
2553,0.0,4.0
2554,2.0,0.0
2555,0.0,1.0
2556,0.0,2.0
2557,1.0,0.0
2558,0.0,2.0
2559,0.0,1.0
2560,0.0,1.0
2562,1.0,0.0
2563,1.0,1.0
2564,1.0,0.0
2565,0.0,2.0
2567,0.0,1.0
2568,1.0,1.0
2570,0.0,1.0
2572,0.0,1.0
2573,2.0,1.0
2574,1.0,1.0
2578,0.0,1.0
2579,1.0,1.0
2581,0.0,1.0
2582,0.0,1.0
2583,0.0,2.0
2586,3.0,1.0
2588,1.0,1.0
2589,0.0,3.0
2590,0.0,2.0
2592,0.0,2.0
2593,2.0,1.0
2594,1.0,0.0
2595,1.0,0.0
2596,0.0,2.0
2598,1.0,1.0
2599,1.0,0.0
2600,0.0,1.0
2601,0.0,1.0
2602,0.0,3.0
2604,0.0,3.0
2605,2.0,1.0
2606,0.0,2.0
2609,1.0,1.0
2610,0.0,1.0
2612,0.0,2.0
2613,1.0,1.0
2614,1.0,0.0
2615,0.0,1.0
2616,0.0,1.0
2619,6.0,21.0
2620,1.0,5.0
2621,1.0,1.0
2622,1.0,1.0
2624,0.0,2.0
2625,1.0,0.0
2626,0.0,2.0
2630,0.0,1.0
2631,0.0,3.0
2632,0.0,2.0
2633,0.0,1.0
2634,0.0,1.0
2635,1.0,0.0
2636,1.0,1.0
2637,0.0,2.0
2638,1.0,0.0
2639,0.0,1.0
2641,1.0,1.0
2642,1.0,1.0
2643,1.0,0.0
2644,0.0,2.0
2645,1.0,0.0
2646,1.0,1.0
2647,1.0,0.0
2649,1.0,1.0
2650,0.0,1.0
2651,0.0,1.0
2652,1.0,0.0
2654,1.0,0.0
2655,0.0,2.0
2656,0.0,1.0
2657,1.0,2.0
2658,0.0,2.0
2660,0.0,1.0
2661,0.0,1.0
2665,0.0,4.0
2667,0.0,1.0
2669,0.0,1.0
2670,0.0,1.0
2673,0.0,2.0
2675,0.0,1.0
2676,0.0,3.0
2677,2.0,1.0
2678,0.0,1.0
2679,0.0,1.0
2681,1.0,1.0
2682,0.0,1.0
2683,1.0,1.0
2684,0.0,2.0
2685,0.0,1.0
2686,0.0,2.0
2687,1.0,0.0
2689,1.0,2.0
2690,1.0,0.0
2691,0.0,2.0
2692,0.0,1.0
2693,0.0,1.0
2695,0.0,1.0
2696,0.0,1.0
2697,0.0,2.0
2698,0.0,1.0
2699,0.0,2.0
2700,0.0,2.0
2704,0.0,1.0
2705,0.0,2.0
2706,0.0,1.0
2707,2.0,2.0
2708,1.0,0.0
2709,0.0,1.0
2711,0.0,1.0
2712,1.0,1.0
2713,1.0,1.0
2715,0.0,2.0
2716,0.0,1.0
2717,1.0,1.0
2718,1.0,1.0
2720,0.0,1.0
2721,3.0,0.0
2723,0.0,1.0
2726,0.0,1.0
2727,1.0,0.0
2729,0.0,1.0
2730,1.0,2.0
2734,0.0,1.0
2736,0.0,1.0
2737,1.0,2.0
2738,1.0,1.0
2741,1.0,0.0
2742,0.0,1.0
2746,0.0,2.0
2748,1.0,0.0
2749,1.0,0.0
2750,2.0,1.0
2751,0.0,2.0
2752,1.0,1.0
2753,0.0,1.0
2754,1.0,0.0
2755,1.0,0.0
2756,1.0,0.0
2757,0.0,1.0
2758,1.0,2.0
2759,0.0,3.0
2760,0.0,2.0
2762,0.0,3.0
2763,0.0,2.0
2764,0.0,1.0
2765,0.0,1.0
2767,0.0,3.0
2768,1.0,1.0
2769,0.0,2.0
2770,0.0,2.0
2771,0.0,1.0
2772,1.0,3.0
2773,0.0,1.0
2775,0.0,1.0
2779,1.0,0.0
2780,0.0,1.0
2781,2.0,0.0
2782,1.0,2.0
2783,0.0,1.0
2784,1.0,2.0
2785,0.0,1.0
2786,0.0,3.0
2788,0.0,1.0
2789,2.0,1.0
2791,0.0,3.0
2792,0.0,1.0
2793,0.0,1.0
2795,3.0,13.0
2797,1.0,1.0
2798,0.0,1.0
2799,0.0,1.0
2800,3.0,1.0
2802,1.0,2.0
2803,0.0,1.0
2804,0.0,1.0
2806,0.0,2.0
2807,0.0,1.0
2808,0.0,1.0
2809,0.0,1.0
2811,1.0,0.0
2812,0.0,1.0
2813,0.0,1.0
2814,0.0,2.0
2816,0.0,2.0
2817,0.0,1.0
2819,0.0,1.0
2820,0.0,1.0
2821,1.0,1.0
2822,1.0,2.0
2824,0.0,1.0
2825,0.0,1.0
2826,0.0,5.0
2828,1.0,3.0
2831,1.0,3.0
2832,0.0,1.0
2833,0.0,3.0
2834,0.0,1.0
2835,0.0,2.0
2838,0.0,1.0
2839,1.0,0.0
2841,1.0,1.0
2844,2.0,3.0
2846,1.0,1.0
2847,1.0,0.0
2848,0.0,1.0
2850,0.0,1.0
2852,0.0,1.0
2853,0.0,1.0
2854,0.0,1.0
2855,1.0,1.0
2856,0.0,1.0
2857,0.0,1.0
2858,0.0,2.0
2859,0.0,1.0
2860,0.0,1.0
2862,1.0,2.0
2866,0.0,1.0
2867,0.0,1.0
2870,0.0,3.0
2871,1.0,0.0
2873,0.0,1.0
2876,0.0,2.0
2877,0.0,1.0
2879,0.0,5.0
2882,1.0,3.0
2884,1.0,0.0
2885,0.0,1.0
2887,0.0,1.0
2890,1.0,1.0
2891,0.0,1.0
2894,0.0,2.0
2895,0.0,1.0
2899,0.0,2.0
2901,0.0,2.0
2903,1.0,0.0
2904,0.0,3.0
2907,0.0,1.0
2908,0.0,1.0
2909,1.0,0.0
2911,0.0,2.0
2915,1.0,3.0
2916,1.0,1.0
2918,1.0,1.0
2919,0.0,2.0
2920,1.0,1.0
2921,0.0,1.0
2923,0.0,1.0
2924,0.0,1.0
2925,1.0,0.0
2926,0.0,2.0
2927,1.0,3.0
2928,0.0,2.0
2930,2.0,4.0
2932,0.0,2.0
2933,0.0,1.0
2934,1.0,1.0
2936,0.0,1.0
2937,1.0,0.0
2938,0.0,1.0
2939,1.0,0.0
2940,2.0,0.0
2941,0.0,1.0
2943,0.0,1.0
2945,0.0,2.0
2951,1.0,0.0
2952,0.0,3.0
2953,0.0,3.0
2955,0.0,1.0
2957,0.0,1.0
2958,1.0,1.0
2959,1.0,0.0
2962,1.0,1.0
2963,0.0,2.0
2966,0.0,1.0
2968,0.0,1.0
2970,0.0,10.0
2971,1.0,6.0
2972,0.0,2.0
2974,0.0,2.0
2975,0.0,2.0
2976,0.0,1.0
2977,1.0,1.0
2978,2.0,0.0
2980,0.0,1.0
2983,0.0,2.0
2984,0.0,2.0
2986,0.0,2.0
2989,0.0,1.0
2993,0.0,1.0
2994,0.0,1.0
2996,0.0,1.0
2997,0.0,1.0
2999,0.0,1.0
3002,1.0,1.0
3006,1.0,1.0
3007,0.0,1.0
3008,1.0,1.0
3011,1.0,2.0
3013,0.0,2.0
3017,0.0,2.0
3021,0.0,1.0
3023,0.0,2.0
3024,0.0,2.0
3027,0.0,2.0
3028,1.0,0.0
3030,1.0,0.0
3032,0.0,3.0
3033,0.0,1.0
3034,0.0,1.0
3035,0.0,1.0
3036,0.0,2.0
3037,1.0,2.0
3039,0.0,1.0
3041,1.0,0.0
3043,0.0,2.0
3044,0.0,1.0
3045,2.0,1.0
3046,0.0,1.0
3048,0.0,1.0
3053,1.0,0.0
3055,1.0,0.0
3056,1.0,1.0
3058,0.0,1.0
3063,0.0,2.0
3064,1.0,0.0
3067,0.0,1.0
3068,0.0,1.0
3072,0.0,1.0
3074,0.0,1.0
3075,0.0,1.0
3077,0.0,1.0
3078,0.0,1.0
3079,0.0,1.0
3080,0.0,1.0
3087,1.0,2.0
3088,1.0,1.0
3089,0.0,1.0
3093,0.0,1.0
3097,1.0,1.0
3103,0.0,1.0
3104,0.0,1.0
3105,1.0,0.0
3106,0.0,2.0
3110,0.0,1.0
3111,0.0,1.0
3113,0.0,1.0
3114,0.0,1.0
3115,0.0,1.0
3116,0.0,1.0
3119,1.0,2.0
3125,1.0,2.0
3126,1.0,0.0
3127,0.0,1.0
3128,1.0,0.0
3133,0.0,1.0
3134,0.0,1.0
3135,0.0,2.0
3136,1.0,0.0
3138,0.0,1.0
3140,0.0,1.0
3141,0.0,1.0
3142,0.0,1.0
3143,0.0,1.0
3144,0.0,2.0
3147,0.0,1.0
3150,0.0,1.0
3154,0.0,1.0
3155,0.0,1.0
3158,0.0,1.0
3160,0.0,1.0
3161,0.0,2.0
3166,1.0,2.0
3170,0.0,3.0
3171,0.0,1.0
3172,2.0,0.0
3174,0.0,1.0
3178,0.0,1.0
3179,0.0,2.0
3181,2.0,2.0
3184,1.0,1.0
3185,0.0,2.0
3186,0.0,2.0
3190,1.0,1.0
3191,0.0,1.0
3194,0.0,3.0
3196,0.0,2.0
3199,0.0,2.0
3200,1.0,1.0
3201,1.0,0.0
3206,0.0,1.0
3208,1.0,0.0
3209,1.0,1.0
3210,0.0,1.0
3211,1.0,0.0
3213,2.0,2.0
3214,0.0,3.0
3216,0.0,1.0
3219,2.0,0.0
3220,0.0,1.0
3221,0.0,1.0
3222,2.0,0.0
3223,0.0,1.0
3225,0.0,2.0
3226,0.0,1.0
3228,0.0,1.0
3229,0.0,3.0
3230,0.0,2.0
3231,1.0,0.0
3236,1.0,0.0
3237,0.0,1.0
3238,1.0,2.0
3239,0.0,2.0
3241,0.0,1.0
3244,1.0,1.0
3245,0.0,1.0
3247,0.0,1.0
3249,1.0,1.0
3250,0.0,1.0
3254,0.0,1.0
3255,1.0,1.0
3256,0.0,1.0
3265,1.0,0.0
3268,0.0,1.0
3272,1.0,0.0
3274,0.0,1.0
3275,0.0,2.0
3280,0.0,1.0
3281,0.0,3.0
3283,1.0,0.0
3287,0.0,5.0
3288,1.0,1.0
3289,0.0,2.0
3290,0.0,1.0
3291,0.0,4.0
3292,0.0,1.0
3294,0.0,1.0
3295,1.0,0.0
3296,0.0,1.0
3297,0.0,1.0
3300,1.0,1.0
3306,0.0,2.0
3307,0.0,1.0
3308,1.0,0.0
3309,1.0,0.0
3312,1.0,0.0
3320,1.0,1.0
3321,0.0,1.0
3322,0.0,1.0
3324,1.0,0.0
3326,0.0,3.0
3328,0.0,1.0
3329,0.0,1.0
3331,0.0,1.0
3333,1.0,0.0
3334,0.0,2.0
3335,1.0,0.0
3336,0.0,1.0
3339,1.0,0.0
3340,0.0,2.0
3341,0.0,1.0
3342,1.0,1.0
3343,0.0,1.0
3344,0.0,2.0
3345,1.0,1.0
3346,0.0,1.0
3349,0.0,2.0
3354,0.0,1.0
3355,0.0,1.0
3356,1.0,1.0
3357,0.0,3.0
3358,0.0,1.0
3359,1.0,0.0
3360,0.0,1.0
3361,0.0,1.0
3362,1.0,0.0
3363,0.0,1.0
3367,1.0,0.0
3368,0.0,1.0
3370,1.0,1.0
3378,1.0,0.0
3379,0.0,1.0
3380,1.0,0.0
3382,1.0,0.0
3384,2.0,0.0
3389,0.0,1.0
3390,0.0,1.0
3391,1.0,0.0
3392,0.0,1.0
3393,2.0,2.0
3394,0.0,1.0
3396,1.0,0.0
3398,0.0,2.0
3399,1.0,1.0
3401,1.0,0.0
3407,1.0,0.0
3408,0.0,1.0
3409,0.0,1.0
3410,0.0,1.0
3416,0.0,1.0
3418,1.0,1.0
3419,1.0,0.0
3420,0.0,1.0
3426,0.0,1.0
3431,0.0,1.0
3435,0.0,1.0
3436,0.0,1.0
3437,0.0,1.0
3438,1.0,0.0
3439,0.0,1.0
3449,0.0,2.0
3450,1.0,0.0
3451,1.0,1.0
3458,1.0,1.0
3461,0.0,1.0
3462,1.0,1.0
3463,0.0,1.0
3464,0.0,3.0
3468,0.0,1.0
3474,0.0,1.0
3478,0.0,2.0
3484,1.0,0.0
3487,0.0,2.0
3488,0.0,1.0
3490,0.0,1.0
3494,0.0,1.0
3497,0.0,1.0
3498,0.0,1.0
3502,0.0,1.0
3503,0.0,1.0
3504,0.0,2.0
3506,0.0,1.0
3510,0.0,1.0
3512,0.0,1.0
3517,0.0,2.0
3519,1.0,0.0
3520,1.0,0.0
3522,0.0,1.0
3523,0.0,2.0
3524,0.0,1.0
3530,0.0,1.0
3532,1.0,0.0
3533,0.0,1.0
3535,0.0,1.0
3536,0.0,1.0
3540,1.0,0.0
3541,0.0,1.0
3546,0.0,1.0
3549,1.0,0.0
3550,0.0,1.0
3552,0.0,2.0
3554,1.0,0.0
3559,0.0,1.0
3560,0.0,1.0
3561,0.0,1.0
3562,1.0,0.0
3563,0.0,1.0
3569,1.0,1.0
3575,0.0,1.0
3577,0.0,1.0
3578,1.0,0.0
3583,1.0,0.0
3585,0.0,1.0
3588,1.0,0.0
3589,0.0,1.0
3592,1.0,0.0
3594,1.0,0.0
3597,0.0,1.0
3598,1.0,0.0
3599,0.0,1.0
3600,0.0,1.0
3601,0.0,1.0
3602,0.0,1.0
3606,0.0,2.0
3611,0.0,2.0
3613,0.0,2.0
3615,1.0,0.0
3617,0.0,1.0
3620,0.0,1.0
3625,0.0,1.0
3626,0.0,1.0
3629,0.0,2.0
3632,0.0,1.0
3635,1.0,0.0
3638,1.0,0.0
3639,0.0,1.0
3641,1.0,0.0
3642,0.0,1.0
3647,0.0,2.0
3649,1.0,0.0
3651,0.0,1.0
3654,1.0,0.0
3655,1.0,1.0
3660,1.0,1.0
3662,0.0,1.0
3664,0.0,1.0
3668,1.0,0.0
3671,0.0,1.0
3672,0.0,1.0
3677,0.0,1.0
3678,0.0,2.0
3679,0.0,1.0
3682,0.0,1.0
3684,0.0,1.0
3687,1.0,0.0
3696,1.0,0.0
3702,0.0,1.0
3705,1.0,1.0
3708,0.0,1.0
3710,0.0,1.0
3712,0.0,2.0
3716,0.0,1.0
3717,0.0,2.0
3724,0.0,1.0
3725,0.0,2.0
3726,1.0,0.0
3727,1.0,0.0
3734,1.0,0.0
3735,0.0,3.0
3739,1.0,0.0
3743,0.0,1.0
3744,0.0,1.0
3745,0.0,1.0
3749,0.0,1.0
3752,1.0,1.0
3759,0.0,1.0
3766,0.0,1.0
3767,1.0,0.0
3768,0.0,1.0
3769,0.0,1.0
3771,0.0,1.0
3772,0.0,1.0
3773,1.0,0.0
3774,0.0,1.0
3775,1.0,1.0
3778,0.0,1.0
3781,0.0,1.0
3783,0.0,1.0
3784,0.0,1.0
3785,0.0,1.0
3788,1.0,0.0
3795,1.0,0.0
3797,0.0,1.0
3800,0.0,1.0
3803,0.0,1.0
3809,0.0,1.0
3811,0.0,1.0
3814,1.0,0.0
3822,0.0,2.0
3827,0.0,1.0
3838,0.0,1.0
3840,0.0,1.0
3846,0.0,1.0
3853,0.0,1.0
3856,0.0,1.0
3858,0.0,1.0
3862,0.0,1.0
3864,0.0,2.0
3866,1.0,0.0
3867,1.0,0.0
3873,0.0,1.0
3876,1.0,1.0
3882,0.0,1.0
3884,1.0,1.0
3886,1.0,0.0
3894,0.0,1.0
3897,0.0,1.0
3899,0.0,1.0
3904,0.0,2.0
3907,1.0,0.0
3908,1.0,0.0
3916,1.0,0.0
3920,0.0,1.0
3928,0.0,1.0
3929,0.0,1.0
3935,1.0,1.0
3936,0.0,1.0
3939,0.0,1.0
3944,0.0,1.0
3949,0.0,1.0
3954,0.0,1.0
3958,0.0,1.0
3966,1.0,0.0
3967,0.0,1.0
3968,0.0,1.0
3970,1.0,0.0
3972,1.0,0.0
3975,0.0,1.0
3976,0.0,1.0
3979,0.0,1.0
3983,0.0,1.0
3993,0.0,1.0
3997,0.0,1.0
3998,0.0,1.0
3999,1.0,1.0
4000,1.0,2.0
4001,0.0,1.0
4004,1.0,0.0
4007,0.0,1.0
4010,0.0,1.0
4011,0.0,1.0
4014,0.0,1.0
4020,0.0,1.0
4042,1.0,1.0
4043,0.0,1.0
4049,1.0,1.0
4050,0.0,1.0
4052,0.0,1.0
4055,0.0,1.0
4057,2.0,1.0
4059,0.0,1.0
4061,0.0,1.0
4065,0.0,1.0
4066,1.0,0.0
4067,1.0,0.0
4071,0.0,1.0
4076,0.0,1.0
4085,0.0,1.0
4087,1.0,0.0
4091,0.0,1.0
4092,0.0,1.0
4095,0.0,1.0
4101,0.0,1.0
4104,0.0,1.0
4107,0.0,1.0
4109,0.0,1.0
4112,0.0,1.0
4120,0.0,1.0
4121,1.0,0.0
4125,0.0,1.0
4126,1.0,0.0
4134,1.0,0.0
4146,1.0,1.0
4150,1.0,0.0
4152,0.0,1.0
4168,1.0,0.0
4175,0.0,1.0
4180,0.0,1.0
4181,0.0,1.0
4182,1.0,0.0
4185,0.0,1.0
4190,0.0,1.0
4192,0.0,1.0
4201,0.0,1.0
4203,0.0,1.0
4204,0.0,1.0
4205,0.0,1.0
4206,0.0,2.0
4207,0.0,3.0
4211,0.0,2.0
4212,0.0,1.0
4217,0.0,1.0
4218,0.0,3.0
4222,0.0,1.0
4223,0.0,1.0
4224,0.0,1.0
4226,0.0,1.0
4232,0.0,2.0
4235,0.0,1.0
4242,0.0,1.0
4251,0.0,1.0
4253,0.0,1.0
4261,0.0,1.0
4264,0.0,1.0
4268,0.0,2.0
4277,0.0,1.0
4279,0.0,1.0
4280,1.0,0.0
4290,0.0,1.0
4299,0.0,1.0
4300,0.0,1.0
4303,0.0,1.0
4304,0.0,3.0
4305,0.0,1.0
4306,0.0,1.0
4311,1.0,0.0
4315,0.0,1.0
4319,0.0,1.0
4321,1.0,0.0
4322,0.0,1.0
4326,0.0,1.0
4328,0.0,1.0
4339,0.0,2.0
4341,0.0,2.0
4343,0.0,1.0
4364,0.0,1.0
4368,0.0,1.0
4370,0.0,1.0
4371,1.0,0.0
4375,0.0,1.0
4378,1.0,0.0
4380,0.0,1.0
4387,1.0,0.0
4388,0.0,1.0
4390,0.0,1.0
4401,1.0,0.0
4405,1.0,1.0
4415,1.0,1.0
4422,1.0,0.0
4423,0.0,1.0
4425,0.0,1.0
4427,0.0,2.0
4438,1.0,0.0
4439,0.0,1.0
4440,1.0,0.0
4443,0.0,1.0
4444,1.0,0.0
4445,1.0,1.0
4449,0.0,1.0
4453,0.0,1.0
4455,0.0,1.0
4465,0.0,1.0
4472,0.0,1.0
4479,0.0,1.0
4480,0.0,1.0
4488,0.0,1.0
4494,0.0,1.0
4498,0.0,1.0
4500,0.0,2.0
4506,0.0,1.0
4531,1.0,0.0
4534,1.0,1.0
4535,1.0,1.0
4536,0.0,1.0
4566,0.0,1.0
4569,0.0,1.0
4571,1.0,0.0
4582,1.0,1.0
4597,1.0,0.0
4611,0.0,1.0
4612,1.0,1.0
4618,0.0,1.0
4619,1.0,0.0
4623,1.0,0.0
4639,0.0,1.0
4657,0.0,1.0
4658,0.0,1.0
4661,0.0,1.0
4663,1.0,0.0
4668,0.0,1.0
4675,0.0,1.0
4694,0.0,1.0
4699,0.0,2.0
4707,2.0,0.0
4720,1.0,0.0
4724,0.0,1.0
4725,1.0,0.0
4726,0.0,1.0
4728,0.0,2.0
4733,0.0,1.0
4739,0.0,1.0
4743,0.0,1.0
4745,0.0,1.0
4758,0.0,1.0
4767,1.0,0.0
4779,0.0,1.0
4781,0.0,1.0
4782,0.0,1.0
4783,0.0,1.0
4785,1.0,0.0
4794,0.0,1.0
4800,0.0,1.0
4807,0.0,1.0
4812,0.0,1.0
4816,0.0,1.0
4818,0.0,1.0
4821,0.0,1.0
4825,1.0,0.0
4844,1.0,0.0
4863,0.0,1.0
4864,1.0,0.0
4869,0.0,1.0
4873,0.0,1.0
4878,0.0,1.0
4884,0.0,1.0
4889,0.0,1.0
4905,0.0,1.0
4910,1.0,0.0
4921,0.0,1.0
4922,1.0,0.0
4925,0.0,1.0
4930,0.0,1.0
4934,2.0,0.0
4941,0.0,1.0
4942,0.0,1.0
4947,0.0,1.0
4949,0.0,1.0
4951,1.0,0.0
4961,0.0,1.0
4983,0.0,1.0
4986,0.0,1.0
4987,0.0,2.0
4990,1.0,0.0
5000,0.0,2.0
5002,0.0,1.0
5018,1.0,0.0
5027,0.0,2.0
5038,1.0,0.0
5063,0.0,2.0
5074,0.0,1.0
5076,0.0,1.0
5084,0.0,1.0
5088,0.0,2.0
5090,0.0,1.0
5105,0.0,1.0
5117,1.0,0.0
5119,0.0,1.0
5120,0.0,1.0
5124,0.0,1.0
5130,0.0,2.0
5136,0.0,1.0
5150,0.0,1.0
5157,1.0,0.0
5159,0.0,1.0
5179,0.0,1.0
5185,0.0,1.0
5191,0.0,1.0
5194,0.0,1.0
5200,0.0,1.0
5201,0.0,2.0
5208,0.0,1.0
5211,1.0,0.0
5228,0.0,1.0
5232,0.0,1.0
5236,0.0,1.0
5239,0.0,1.0
5250,0.0,2.0
5251,1.0,0.0
5252,0.0,1.0
5253,1.0,1.0
5268,0.0,1.0
5279,0.0,1.0
5295,0.0,1.0
5297,0.0,1.0
5305,0.0,3.0
5306,0.0,1.0
5307,0.0,1.0
5308,0.0,2.0
5309,1.0,0.0
5315,0.0,1.0
5319,0.0,1.0
5323,2.0,0.0
5342,0.0,1.0
5343,0.0,1.0
5351,0.0,1.0
5359,0.0,2.0
5375,0.0,1.0
5381,0.0,1.0
5389,0.0,1.0
5398,1.0,0.0
5409,0.0,1.0
5410,0.0,1.0
5417,0.0,1.0
5420,0.0,1.0
5422,1.0,1.0
5427,0.0,1.0
5429,0.0,1.0
5436,1.0,0.0
5444,0.0,1.0
5445,0.0,1.0
5448,0.0,1.0
5453,0.0,1.0
5454,1.0,0.0
5457,1.0,1.0
5460,1.0,0.0
5462,1.0,0.0
5467,0.0,1.0
5468,0.0,1.0
5470,0.0,1.0
5485,0.0,1.0
5503,0.0,1.0
5504,0.0,1.0
5507,0.0,1.0
5528,0.0,1.0
5532,0.0,1.0
5538,0.0,3.0
5539,1.0,2.0
5546,1.0,0.0
5548,1.0,0.0
5568,0.0,1.0
5579,0.0,1.0
5581,1.0,1.0
5583,0.0,1.0
5599,1.0,1.0
5603,0.0,1.0
5604,0.0,4.0
5610,1.0,0.0
5634,0.0,1.0
5636,1.0,0.0
5638,0.0,1.0
5645,0.0,2.0
5646,0.0,9.0
5647,0.0,1.0
5648,0.0,2.0
5659,1.0,0.0
5664,0.0,1.0
5670,0.0,1.0
5671,0.0,1.0
5681,0.0,1.0
5687,0.0,1.0
5688,0.0,1.0
5694,0.0,1.0
5698,0.0,1.0
5712,0.0,1.0
5714,0.0,1.0
5728,0.0,1.0
5730,0.0,1.0
5733,0.0,1.0
5740,0.0,1.0
5745,0.0,1.0
5754,1.0,0.0
5778,0.0,1.0
5794,0.0,1.0
5801,0.0,1.0
5806,0.0,2.0
5812,0.0,1.0
5815,0.0,1.0
5817,0.0,1.0
5824,0.0,1.0
5833,0.0,1.0
5854,0.0,1.0
5869,0.0,1.0
5870,0.0,1.0
5879,0.0,1.0
5909,2.0,0.0
5910,1.0,0.0
5912,0.0,1.0
5935,1.0,0.0
5936,1.0,1.0
5939,2.0,1.0
5942,1.0,0.0
5944,1.0,0.0
5945,1.0,0.0
5947,0.0,1.0
5962,0.0,1.0
5974,1.0,0.0
6005,0.0,1.0
6013,0.0,2.0
6024,0.0,1.0
6036,0.0,2.0
6042,0.0,1.0
6043,0.0,1.0
6055,0.0,1.0
6059,0.0,1.0
6064,1.0,0.0
6069,1.0,0.0
6076,1.0,45.0
6077,0.0,25.0
6078,0.0,2.0
6079,1.0,0.0
6083,0.0,1.0
6086,0.0,1.0
6087,0.0,1.0
6088,0.0,1.0
6089,0.0,2.0
6102,0.0,1.0
6110,1.0,4.0
6115,0.0,1.0
6121,0.0,1.0
6144,2.0,0.0
6153,1.0,0.0
6154,0.0,2.0
6163,1.0,0.0
6171,0.0,1.0
6180,1.0,0.0
6181,0.0,1.0
6183,0.0,1.0
6187,0.0,2.0
6190,1.0,0.0
6202,0.0,1.0
6206,0.0,1.0
6210,0.0,1.0
6230,0.0,1.0
6259,1.0,0.0
6287,0.0,1.0
6305,0.0,1.0
6307,0.0,2.0
6313,0.0,1.0
6339,0.0,1.0
6341,1.0,0.0
6345,0.0,1.0
6348,0.0,1.0
6355,1.0,0.0
6359,1.0,0.0
6363,0.0,1.0
6364,0.0,1.0
6367,1.0,1.0
6368,0.0,1.0
6369,0.0,1.0
6395,1.0,0.0
6398,0.0,1.0
6399,0.0,1.0
6405,0.0,1.0
6412,0.0,1.0
6424,0.0,1.0
6429,0.0,1.0
6434,1.0,0.0
6453,0.0,1.0
6454,0.0,1.0
6467,0.0,1.0
6479,0.0,1.0
6485,1.0,0.0
6512,0.0,1.0
6534,0.0,1.0
6546,0.0,1.0
6551,0.0,1.0
6585,0.0,1.0
6619,0.0,1.0
6630,0.0,1.0
6631,0.0,1.0
6642,0.0,1.0
6656,0.0,1.0
6659,0.0,2.0
6683,0.0,1.0
6689,0.0,2.0
6695,0.0,1.0
6704,1.0,0.0
6709,0.0,1.0
6727,0.0,1.0
6729,1.0,0.0
6740,0.0,1.0
6749,0.0,1.0
6760,0.0,1.0
6767,0.0,1.0
6815,0.0,2.0
6824,0.0,2.0
6827,0.0,2.0
6828,0.0,1.0
6831,0.0,1.0
6837,0.0,1.0
6851,0.0,1.0
6875,0.0,1.0
6876,0.0,1.0
6897,0.0,1.0
6920,0.0,1.0
6923,0.0,1.0
6926,0.0,1.0
6927,0.0,1.0
6965,0.0,1.0
6983,0.0,1.0
6990,0.0,1.0
6996,0.0,1.0
7024,0.0,1.0
7028,1.0,0.0
7068,0.0,1.0
7096,0.0,1.0
7113,0.0,1.0
7130,1.0,0.0
7139,1.0,0.0
7142,1.0,0.0
7148,0.0,1.0
7169,0.0,1.0
7178,0.0,1.0
7186,0.0,1.0
7196,1.0,0.0
7228,0.0,1.0
7236,1.0,0.0
7245,0.0,1.0
7254,0.0,1.0
7272,0.0,1.0
7291,0.0,1.0
7300,0.0,1.0
7319,0.0,1.0
7321,0.0,1.0
7324,0.0,1.0
7326,0.0,1.0
7336,1.0,0.0
7349,0.0,1.0
7350,0.0,1.0
7403,0.0,1.0
7410,0.0,1.0
7439,0.0,1.0
7449,0.0,1.0
7450,0.0,1.0
7467,0.0,1.0
7468,0.0,1.0
7472,0.0,1.0
7499,0.0,1.0
7500,0.0,1.0
7508,0.0,1.0
7518,0.0,1.0
7548,0.0,1.0
7550,0.0,1.0
7556,0.0,1.0
7559,0.0,1.0
7562,0.0,1.0
7564,0.0,1.0
7566,0.0,1.0
7597,0.0,1.0
7609,0.0,1.0
7626,0.0,1.0
7629,0.0,1.0
7637,1.0,0.0
7640,0.0,1.0
7647,0.0,1.0
7663,0.0,1.0
7664,0.0,1.0
7670,0.0,1.0
7674,0.0,1.0
7684,1.0,0.0
7694,1.0,0.0
7701,1.0,0.0
7714,0.0,1.0
7722,0.0,1.0
7725,1.0,0.0
7734,0.0,1.0
7738,0.0,1.0
7742,0.0,1.0
7750,1.0,1.0
7771,0.0,1.0
7775,1.0,1.0
7777,0.0,1.0
7781,0.0,1.0
7784,0.0,1.0
7790,0.0,1.0
7791,0.0,1.0
7792,1.0,0.0
7796,0.0,1.0
7798,0.0,1.0
7801,0.0,1.0
7804,1.0,0.0
7809,0.0,1.0
7828,0.0,1.0
7829,0.0,1.0
7834,0.0,1.0
7835,0.0,1.0
7837,0.0,1.0
7841,0.0,1.0
7842,0.0,1.0
7851,0.0,1.0
7852,0.0,1.0
7857,0.0,1.0
7858,0.0,1.0
7862,0.0,1.0
7865,0.0,1.0
7869,0.0,1.0
7874,0.0,1.0
7877,0.0,1.0
7884,0.0,1.0
7885,1.0,1.0
7887,1.0,3.0
7896,0.0,2.0
7908,0.0,1.0
7911,0.0,1.0
7912,0.0,1.0
7916,0.0,1.0
7918,0.0,1.0
7922,0.0,1.0
7923,0.0,1.0
7924,0.0,1.0
7925,0.0,1.0
7930,0.0,1.0
7932,0.0,1.0
7934,0.0,1.0
7935,0.0,2.0
7942,1.0,0.0
7943,0.0,1.0
7949,0.0,1.0
7950,1.0,0.0
7952,0.0,2.0
7955,1.0,1.0
7959,2.0,1.0
7962,1.0,0.0
7967,0.0,1.0
7968,1.0,0.0
7970,0.0,1.0
7971,2.0,0.0
7972,0.0,1.0
7973,1.0,0.0
7977,2.0,1.0
7979,1.0,1.0
7980,0.0,1.0
7983,0.0,1.0
7985,1.0,6.0
7986,0.0,1.0
7987,0.0,1.0
7988,0.0,1.0
7989,0.0,1.0
7990,1.0,1.0
7991,0.0,3.0
7993,1.0,3.0
7994,1.0,2.0
7995,1.0,1.0
7996,3.0,4.0
7997,2.0,2.0
7998,2.0,5.0
7999,9.0,20.0
8000,12.0,106.0
