1,1842626
2,2158153
3,3121267
4,3637343
5,2359582
6,1690943
7,1877153
8,1967681
9,2934053
10,2131878
11,1717587
12,1587131
13,1448840
14,1526202
15,1364838
16,1289546
17,1185816
18,1086975
19,1045870
20,997209
21,972277
22,920389
23,882601
24,861562
25,825997
26,798983
27,768749
28,746382
29,727153
30,707313
31,688865
32,668487
33,649178
34,632225
35,617265
36,598907
37,581707
38,568857
39,556219
40,541325
41,528321
42,512343
43,508021
44,487805
45,478593
46,466947
47,456384
48,444608
49,435429
50,427359
51,417044
52,406426
53,398321
54,389989
55,381229
56,373730
57,365710
58,357121
59,351096
60,344673
61,337144
62,330725
63,324343
64,318157
65,314033
66,305298
67,300838
68,294617
69,289910
70,285288
71,282702
72,275936
73,269810
74,265223
75,261698
76,257256
77,252989
78,248840
79,244718
80,240146
81,236816
82,233000
83,229070
84,225318
85,221628
86,218123
87,215482
88,211892
89,209431
90,206767
91,203046
92,200104
93,196051
94,193801
95,191697
96,190118
97,185474
98,182824
99,180452
100,178843
101,175627
102,174710
103,171692
104,169620
105,167879
106,163536
107,162276
108,159499
109,156523
110,155853
111,153668
112,151005
113,149274
114,147182
115,145651
116,143156
117,141433
118,139706
119,138512
120,137146
121,135058
122,134523
123,131931
124,129923
125,128362
126,126563
127,125695
128,123525
129,123149
130,121043
131,119795
132,118205
133,117644
134,116127
135,115643
136,113488
137,112517
138,111036
139,110475
140,109613
141,108826
142,106653
143,106410
144,105586
145,104360
146,103180
147,101805
148,101083
149,100226
150,99357
151,99002
152,98077
153,98608
154,96486
155,95207
156,94721
157,93616
158,92580
159,92139
160,89866
161,89799
162,90093
163,88145
164,87976
165,87010
166,85756
167,86382
168,86467
169,84314
170,83429
171,82932
172,82029
173,81074
174,80420
175,79610
176,79505
177,78377
178,77964
179,77062
180,76864
181,76234
182,75798
183,74399
184,74338
185,73940
186,73935
187,72854
188,72064
189,71332
190,70450
191,70706
192,69687
193,68933
194,68880
195,68469
196,69305
197,67887
198,67154
199,67711
200,71055
201,65361
202,64765
203,64739
204,63852
205,64661
206,63681
207,63518
208,62477
209,61985
210,61417
211,60323
212,60252
213,59699
214,59129
215,60834
216,58949
217,58038
218,57638
219,57489
220,56706
221,56510
222,56145
223,55542
224,56199
225,56680
226,54592
227,54505
228,54210
229,53038
230,53325
231,52555
232,52621
233,52138
234,51496
235,51625
236,50867
237,50227
238,50342
239,50228
240,50077
241,49119
242,48851
243,48187
244,48165
245,48181
246,48338
247,47232
248,47291
249,46482
250,46848
251,46294
252,46563
253,46061
254,45321
255,45276
256,44825
257,44466
258,44713
259,44198
260,44746
261,43479
262,44346
263,43632
264,42290
265,43182
266,42888
267,41791
268,41763
269,41850
270,41436
271,41232
272,40672
273,40010
274,40116
275,39935
276,39971
277,40118
278,39548
279,39691
280,39242
281,38935
282,39000
283,38433
284,38200
285,38072
286,38037
287,37704
288,38350
289,37092
290,36930
291,37085
292,36719
293,36247
294,35941
295,35976
296,35549
297,35828
298,35525
299,35773
300,35356
301,34671
302,36287
303,34821
304,34900
305,36163
306,34605
307,36852
308,34142
309,34946
310,33082
311,33674
312,33697
313,33071
314,32895
315,32706
316,32438
317,33010
318,38753
319,35658
320,33873
321,35041
322,32933
323,33577
324,36522
325,32213
326,31350
327,31000
328,30819
329,34189
330,31585
331,30495
332,31043
333,31022
334,34533
335,33029
336,32611
337,43427
338,32569
339,32111
340,30217
341,29058
342,29254
343,28952
344,28114
345,28568
346,28413
347,28631
348,29513
349,27965
350,28002
351,27350
352,27820
353,28321
354,30969
355,28104
356,26898
357,26649
358,26118
359,26943
360,26447
361,25818
362,25569
363,25908
364,25437
365,27381
366,26002
367,24975
368,25335
369,25471
370,25083
371,25234
372,24845
373,24377
374,24522
375,24567
376,24195
377,24206
378,24646
379,23992
380,23779
381,23463
382,22873
383,23522
384,23333
385,23148
386,22946
387,22934
388,23030
389,22984
390,22339
391,22525
392,22207
393,22158
394,21886
395,21719
396,21720
397,21687
398,22194
399,22197
400,21832
401,21791
402,22054
403,21425
404,21452
405,22176
406,21099
407,20677
408,20478
409,20763
410,20509
411,20274
412,20422
413,20206
414,20116
415,20343
416,20125
417,20096
418,19687
419,21665
420,19969
421,19258
422,19293
423,19203
424,19530
425,19311
426,18955
427,19155
428,19025
429,18975
430,18611
431,18819
432,19269
433,20204
434,18985
435,18742
436,18231
437,18017
438,18135
439,18387
440,18033
441,18137
442,17901
443,17834
444,17762
445,17807
446,17584
447,17678
448,17366
449,17524
450,17459
451,17463
452,17994
453,16985
454,17216
455,16794
456,16712
457,16546
458,16668
459,16661
460,16412
461,16842
462,16952
463,17125
464,20677
465,17499
466,16890
467,16832
468,16314
469,16032
470,16262
471,16148
472,15788
473,16219
474,15894
475,15682
476,15871
477,15669
478,15877
479,15770
480,15669
481,15733
482,15530
483,15380
484,15315
485,15207
486,15090
487,14979
488,14522
489,14778
490,14713
491,14913
492,14674
493,14345
494,14670
495,15151
496,14506
497,14653
498,14768
499,14335
500,14339
501,13992
502,14148
503,14272
504,14271
505,14263
506,13921
507,13801
508,14160
509,13869
510,13759
511,13557
512,13760
513,13657
514,13461
515,13647
516,13803
517,13529
518,14646
519,13957
520,13404
521,13391
522,13155
523,12928
524,13093
525,12798
526,13434
527,13886
528,13077
529,12856
530,12677
531,13217
532,12922
533,12801
534,12491
535,12289
536,12407
537,12284
538,12256
539,12339
540,12422
541,12251
542,12166
543,12584
544,12112
545,11973
546,12202
547,11953
548,11945
549,12149
550,11928
551,11938
552,11596
553,11764
554,11723
555,11699
556,11383
557,11252
558,11472
559,11537
560,11474
561,11435
562,11626
563,11169
564,11251
565,10921
566,11083
567,11127
568,11187
569,11051
570,10962
571,10910
572,10716
573,10831
574,10873
575,10991
576,10981
577,10584
578,10664
579,10541
580,10596
581,10555
582,10273
583,10527
584,10202
585,10281
586,10318
587,10239
588,10703
589,10201
590,9915
591,10290
592,10200
593,9988
594,10264
595,10036
596,9884
597,10083
598,9958
599,9886
600,9866
601,9649
602,9790
603,9544
604,9704
605,9764
606,9496
607,9767
608,9633
609,9517
610,9560
611,9571
612,9601
613,9339
614,9595
615,9316
616,9322
617,9188
618,9205
619,9480
620,9132
621,9184
622,9168
623,9173
624,9077
625,9095
626,9073
627,9017
628,9126
629,9157
630,9019
631,8862
632,8726
633,8745
634,8782
635,8906
636,8688
637,8726
638,8774
639,8653
640,8758
641,8628
642,8450
643,8843
644,8394
645,8508
646,8581
647,8531
648,8528
649,8459
650,8938
651,8279
652,8382
653,8327
654,8323
655,8438
656,9162
657,8317
658,8247
659,8482
660,8302
661,8117
662,7946
663,8094
664,8060
665,7927
666,7962
667,7820
668,7795
669,7993
670,7839
671,7995
672,7886
673,7815
674,7897
675,8004
676,7842
677,7662
678,7641
679,7639
680,7659
681,7620
682,7536
683,7680
684,7675
685,7439
686,7352
687,7278
688,7476
689,7558
690,7242
691,7333
692,7342
693,7268
694,7271
695,7155
696,7378
697,7141
698,7264
699,7327
700,7172
701,7383
702,7375
703,7173
704,7067
705,6948
706,6993
707,7030
708,7230
709,7010
710,6857
711,6789
712,6969
713,6958
714,6978
715,6790
716,6922
717,6646
718,6920
719,6911
720,6835
721,6736
722,6690
723,6696
724,6694
725,6651
726,6635
727,6625
728,6689
729,6703
730,6429
731,6539
732,6565
733,6449
734,6521
735,6457
736,6536
737,6446
738,6337
739,6456
740,6237
741,6427
742,6456
743,6409
744,6408
745,6220
746,6265
747,6242
748,6180
749,6377
750,6110
751,6095
752,6267
753,6022
754,6246
755,6348
756,6130
757,6082
758,6091
759,6268
760,6001
761,5935
762,6199
763,6030
764,6855
765,6292
766,5843
767,5978
768,5974
769,6016
770,6080
771,6635
772,6782
773,12465
774,8982
775,6411
776,6243
777,5923
778,6170
779,6277
780,6037
781,5943
782,5988
783,6039
784,6224
785,5854
786,5725
787,5857
788,5899
789,5918
790,5807
791,5927
792,5849
793,5845
794,5901
795,5859
796,5872
797,5955
798,5822
799,5911
800,5899
801,5815
802,5611
803,5591
804,5730
805,5878
806,5611
807,5753
808,5489
809,5674
810,5446
811,5412
812,5438
813,5537
814,5272
815,5478
816,5347
817,5273
818,5467
819,5674
820,5422
821,5141
822,5198
823,5082
824,5093
825,5211
826,5206
827,5180
828,5179
829,5221
830,5087
831,5088
832,5274
833,5541
834,5443
835,5091
836,5035
837,5098
838,4917
839,5213
840,4919
841,5002
842,5023
843,4982
844,4897
845,4828
846,4976
847,4802
848,4782
849,4699
850,4715
851,4813
852,4708
853,4773
854,4728
855,4780
856,4747
857,4836
858,4706
859,4754
860,4605
861,4582
862,4783
863,5598
864,4543
865,4502
866,4599
867,4521
868,4513
869,4567
870,4704
871,4451
872,4577
873,4535
874,4715
875,4669
876,4470
877,4572
878,4472
879,4436
880,4907
881,4674
882,4409
883,4269
884,4365
885,4570
886,4240
887,4497
888,4337
889,4323
890,4414
891,4295
892,4193
893,4256
894,4265
895,4286
896,4208
897,4236
898,4248
899,4298
900,4247
901,4329
902,4120
903,4109
904,4200
905,4104
906,4232
907,4829
908,4215
909,4187
910,4392
911,4292
912,5962
913,4500
914,4221
915,4478
916,4481
917,4249
918,4095
919,4184
920,4147
921,4217
922,4085
923,4383
924,4226
925,4124
926,4168
927,4170
928,4050
929,4072
930,4078
931,4082
932,4033
933,3968
934,4040
935,4084
936,3986
937,4094
938,3908
939,3931
940,4004
941,3851
942,4036
943,3889
944,3930
945,3922
946,4091
947,3785
948,3890
949,3809
950,3748
951,3737
952,3750
953,3751
954,3764
955,3754
956,3995
957,3838
958,4000
959,3905
960,3784
961,3767
962,3626
963,3681
964,3710
965,3710
966,3682
967,3750
968,3759
969,3662
970,3589
971,4263
972,3739
973,3644
974,3648
975,3863
976,3670
977,3666
978,3577
979,3659
980,3562
981,3614
982,3618
983,3485
984,3650
985,3644
986,3519
987,3618
988,3355
989,3602
990,3477
991,3484
992,3452
993,3521
994,3456
995,3357
996,3435
997,3579
998,3596
999,3835
1000,3866
1001,3292
1002,3176
1003,3205
1004,3258
1005,3352
1006,3382
1007,3415
1008,3380
1009,3304
1010,3238
1011,3249
1012,3272
1013,3364
1014,3220
1015,3128
1016,3209
1017,3200
1018,3191
1019,3248
1020,3291
1021,3135
1022,3249
1023,3459
1024,3339
1025,3246
1026,3230
1027,3156
1028,3195
1029,3143
1030,3098
1031,3156
1032,3194
1033,3000
1034,2965
1035,3063
1036,3062
1037,3137
1038,3212
1039,3137
1040,3137
1041,3100
1042,3016
1043,3043
1044,2979
1045,3102
1046,3181
1047,2997
1048,2899
1049,3048
1050,2909
1051,3187
1052,3417
1053,3069
1054,3512
1055,3199
1056,2981
1057,3038
1058,3042
1059,2849
1060,3113
1061,3155
1062,3351
1063,3131
1064,2945
1065,2963
1066,3233
1067,3657
1068,2992
1069,3281
1070,2920
1071,2969
1072,2917
1073,2822
1074,3006
1075,2911
1076,3655
1077,3133
1078,2898
1079,2984
1080,2960
1081,2832
1082,2746
1083,2784
1084,2801
1085,2715
1086,2844
1087,2794
1088,2758
1089,2801
1090,2664
1091,2798
1092,2743
1093,2698
1094,2834
1095,2715
1096,2567
1097,2752
1098,2699
1099,2765
1100,2613
1101,2662
1102,2685
1103,2686
1104,2775
1105,2614
1106,2661
1107,2628
1108,2608
1109,2684
1110,2623
1111,2518
1112,2612
1113,2563
1114,2553
1115,2636
1116,2745
1117,2688
1118,2665
1119,2776
1120,2645
1121,2643
1122,2526
1123,2567
1124,2500
1125,2419
1126,2618
1127,2498
1128,2625
1129,2506
1130,2608
1131,2412
1132,2555
1133,2491
1134,2361
1135,2497
1136,2498
1137,2502
1138,2458
1139,2587
1140,2491
1141,2489
1142,2362
1143,2428
1144,2584
1145,2393
1146,2407
1147,2395
1148,2440
1149,2453
1150,2321
1151,2627
1152,2391
1153,2365
1154,2298
1155,2413
1156,2352
1157,2318
1158,2383
1159,2365
1160,2377
1161,2409
1162,2420
1163,2755
1164,2535
1165,2327
1166,2329
1167,2457
1168,2342
1169,2389
1170,2427
1171,2534
1172,2627
1173,2427
1174,2346
1175,2273
1176,2288
1177,2630
1178,2423
1179,2336
1180,2322
1181,2425
1182,2304
1183,2357
1184,2279
1185,2336
1186,2454
1187,2271
1188,2368
1189,2252
1190,2286
1191,2225
1192,2265
1193,2290
1194,2215
1195,2143
1196,2274
1197,2202
1198,2190
1199,2237
1200,2167
1201,2189
1202,2136
1203,2258
1204,2177
1205,2071
1206,2187
1207,2222
1208,2218
1209,2252
1210,2174
1211,2142
1212,2240
1213,2546
1214,2230
1215,2172
1216,2066
1217,2092
1218,2116
1219,2097
1220,2074
1221,2099
1222,2063
1223,2192
1224,2190
1225,2069
1226,2120
1227,2068
1228,2107
1229,2126
1230,2106
1231,2205
1232,2057
1233,2016
1234,1978
1235,2051
1236,1991
1237,2041
1238,2008
1239,2075
1240,1961
1241,2103
1242,1971
1243,2011
1244,2063
1245,2035
1246,1993
1247,2026
1248,2041
1249,2231
1250,2044
1251,1874
1252,2067
1253,2205
1254,2504
1255,2307
1256,2026
1257,2057
1258,1976
1259,2166
1260,1994
1261,2038
1262,2036
1263,1898
1264,1885
1265,1935
1266,1960
1267,1927
1268,1919
1269,2020
1270,2066
1271,1903
1272,1915
1273,1911
1274,2678
1275,2017
1276,2004
1277,1935
1278,1920
1279,2065
1280,1974
1281,2268
1282,1939
1283,1856
1284,2041
1285,1908
1286,1899
1287,2013
1288,2152
1289,2029
1290,2128
1291,2758
1292,2125
1293,2028
1294,1868
1295,1865
1296,1956
1297,1960
1298,2002
1299,1968
1300,1866
1301,2103
1302,1839
1303,1964
1304,1856
1305,2047
1306,1882
1307,1790
1308,2771
1309,2019
1310,1915
1311,1939
1312,1974
1313,1922
1314,1822
1315,1922
1316,1905
1317,1930
1318,1912
1319,2259
1320,2575
1321,1823
1322,1879
1323,1801
1324,1785
1325,1850
1326,1708
1327,1745
1328,1739
1329,1748
1330,1738
1331,1727
1332,1716
1333,1838
1334,1768
1335,1761
1336,1670
1337,1753
1338,1664
1339,1748
1340,1740
1341,1732
1342,1707
1343,1715
1344,1806
1345,1803
1346,1888
1347,1800
1348,1780
1349,1780
1350,1870
1351,1702
1352,1751
1353,1885
1354,1815
1355,1762
1356,2041
1357,10398
1358,5159
1359,3751
1360,2771
1361,2850
1362,1841
1363,1714
1364,1738
1365,1721
1366,1776
1367,1768
1368,1755
1369,2027
1370,1695
1371,1814
1372,1657
1373,1625
1374,1689
1375,1667
1376,1771
1377,1834
1378,2027
1379,1673
1380,1839
1381,1666
1382,1844
1383,2918
1384,1831
1385,1627
1386,1566
1387,1669
1388,1617
1389,1651
1390,1629
1391,1659
1392,1561
1393,1685
1394,1547
1395,1547
1396,1620
1397,1539
1398,1614
1399,1579
1400,1537
1401,1678
1402,1638
1403,1632
1404,1568
1405,1591
1406,1516
1407,1494
1408,1690
1409,1538
1410,1606
1411,1557
1412,1524
1413,1544
1414,1555
1415,1526
1416,1575
1417,1474
1418,1549
1419,1476
1420,1446
1421,1469
1422,1530
1423,1478
1424,1503
1425,1408
1426,1513
1427,1636
1428,1541
1429,1501
1430,1494
1431,1516
1432,1444
1433,1422
1434,1477
1435,1441
1436,1449
1437,1467
1438,1457
1439,1523
1440,1471
1441,1520
1442,1456
1443,1468
1444,1369
1445,1435
1446,1360
1447,2235
1448,5803
1449,1460
1450,1408
1451,1382
1452,1468
1453,1474
1454,1313
1455,1473
1456,1404
1457,1421
1458,1421
1459,1421
1460,1301
1461,1415
1462,1366
1463,1394
1464,1417
1465,1327
1466,1313
1467,1505
1468,1884
1469,1425
1470,1451
1471,1369
1472,1403
1473,1390
1474,1324
1475,1349
1476,1373
1477,1379
1478,1368
1479,1349
1480,1386
1481,1350
1482,1315
1483,1311
1484,1362
1485,1313
1486,1317
1487,1314
1488,1394
1489,1359
1490,1279
1491,1372
1492,1301
1493,1275
1494,1288
1495,1298
1496,1297
1497,1280
1498,1290
1499,1273
1500,1264
1501,1337
1502,1303
1503,1229
1504,1290
1505,1259
1506,1232
1507,1282
1508,1268
1509,1236
1510,1301
1511,1263
1512,1237
1513,1418
1514,1339
1515,1214
1516,1418
1517,1333
1518,1249
1519,1235
1520,1290
1521,1253
1522,2125
1523,1648
1524,1274
1525,1275
1526,1315
1527,1254
1528,1171
1529,1381
1530,1267
1531,1212
1532,1178
1533,1258
1534,1222
1535,1281
1536,1327
1537,1240
1538,1256
1539,1222
1540,1188
1541,1207
1542,1234
1543,1311
1544,1247
1545,1184
1546,1239
1547,1243
1548,1181
1549,1202
1550,1178
1551,1160
1552,1204
1553,1222
1554,1332
1555,1171
1556,1227
1557,1228
1558,1227
1559,1199
1560,1179
1561,1211
1562,1158
1563,1128
1564,1120
1565,1110
1566,1106
1567,1172
1568,1160
1569,1183
1570,1203
1571,1186
1572,1176
1573,1094
1574,1117
1575,1110
1576,1122
1577,1172
1578,1143
1579,1121
1580,1277
1581,1144
1582,1159
1583,1114
1584,1199
1585,1245
1586,1094
1587,1128
1588,1114
1589,1128
1590,1154
1591,1090
1592,1125
1593,1115
1594,1120
1595,1138
1596,1083
1597,1091
1598,1125
1599,1085
1600,1173
1601,1074
1602,1039
1603,1053
1604,1179
1605,1155
1606,1051
1607,1115
1608,1084
1609,1081
1610,1067
1611,1021
1612,1080
1613,1005
1614,1028
1615,1036
1616,998
1617,962
1618,1038
1619,1193
1620,1082
1621,1040
1622,1082
1623,1140
1624,1040
1625,1014
1626,1073
1627,1037
1628,1017
1629,1039
1630,1048
1631,1160
1632,1051
1633,994
1634,1066
1635,991
1636,1008
1637,1043
1638,1041
1639,1085
1640,1075
1641,1005
1642,962
1643,1020
1644,1008
1645,1030
1646,1080
1647,1003
1648,1023
1649,993
1650,1004
1651,1018
1652,1033
1653,1014
1654,982
1655,1077
1656,1010
1657,981
1658,968
1659,937
1660,962
1661,980
1662,1055
1663,1021
1664,1008
1665,965
1666,1013
1667,1002
1668,965
1669,924
1670,1027
1671,918
1672,960
1673,954
1674,897
1675,957
1676,910
1677,981
1678,939
1679,1021
1680,988
1681,958
1682,983
1683,937
1684,1008
1685,945
1686,902
1687,929
1688,914
1689,945
1690,913
1691,967
1692,951
1693,922
1694,927
1695,924
1696,897
1697,983
1698,945
1699,969
1700,935
1701,935
1702,925
1703,930
1704,915
1705,993
1706,883
1707,905
1708,859
1709,924
1710,1040
1711,877
1712,929
1713,952
1714,954
1715,926
1716,942
1717,888
1718,858
1719,955
1720,963
1721,971
1722,890
1723,905
1724,887
1725,1008
1726,944
1727,857
1728,897
1729,903
1730,936
1731,952
1732,929
1733,898
1734,877
1735,948
1736,873
1737,931
1738,905
1739,938
1740,905
1741,916
1742,890
1743,864
1744,914
1745,911
1746,897
1747,832
1748,891
1749,915
1750,901
1751,885
1752,883
1753,860
1754,863
1755,806
1756,861
1757,832
1758,903
1759,880
1760,806
1761,838
1762,849
1763,772
1764,906
1765,813
1766,835
1767,893
1768,883
1769,882
1770,818
1771,847
1772,826
1773,843
1774,868
1775,829
1776,872
1777,815
1778,846
1779,886
1780,776
1781,876
1782,816
1783,812
1784,901
1785,844
1786,831
1787,805
1788,837
1789,831
1790,885
1791,853
1792,827
1793,848
1794,806
1795,815
1796,850
1797,903
1798,861
1799,990
1800,882
1801,965
1802,1059
1803,819
1804,811
1805,921
1806,858
1807,873
1808,840
1809,822
1810,805
1811,804
1812,908
1813,825
1814,762
1815,800
1816,790
1817,744
1818,784
1819,837
1820,803
1821,755
1822,852
1823,772
1824,822
1825,753
1826,827
1827,755
1828,792
1829,815
1830,769
1831,811
1832,768
1833,785
1834,799
1835,809
1836,777
1837,764
1838,728
1839,797
1840,738
1841,746
1842,742
1843,765
1844,806
1845,782
1846,758
1847,862
1848,800
1849,766
1850,724
1851,750
1852,696
1853,712
1854,772
1855,747
1856,749
1857,776
1858,730
1859,760
1860,741
1861,867
1862,769
1863,769
1864,763
1865,785
1866,733
1867,757
1868,723
1869,762
1870,696
1871,754
1872,714
1873,697
1874,693
1875,715
1876,717
1877,715
1878,851
1879,788
1880,757
1881,716
1882,714
1883,754
1884,759
1885,748
1886,875
1887,774
1888,753
1889,781
1890,714
1891,812
1892,719
1893,670
1894,735
1895,739
1896,699
1897,747
1898,744
1899,694
1900,714
1901,957
1902,735
1903,721
1904,673
1905,688
1906,686
1907,730
1908,728
1909,725
1910,666
1911,695
1912,714
1913,703
1914,678
1915,662
1916,676
1917,680
1918,666
1919,742
1920,665
1921,674
1922,697
1923,701
1924,719
1925,726
1926,676
1927,667
1928,682
1929,698
1930,607
1931,621
1932,685
1933,647
1934,626
1935,622
1936,692
1937,669
1938,662
1939,643
1940,715
1941,630
1942,660
1943,695
1944,666
1945,639
1946,671
1947,649
1948,597
1949,711
1950,638
1951,655
1952,652
1953,636
1954,665
1955,699
1956,649
1957,654
1958,640
1959,621
1960,638
1961,624
1962,591
1963,616
1964,654
1965,644
1966,582
1967,642
1968,621
1969,674
1970,655
1971,657
1972,588
1973,624
1974,639
1975,613
1976,633
1977,614
1978,649
1979,679
1980,627
1981,623
1982,613
1983,623
1984,596
1985,645
1986,574
1987,613
1988,617
1989,638
1990,624
1991,589
1992,580
1993,598
1994,639
1995,605
1996,592
1997,593
1998,625
1999,669
2000,664
2001,568
2002,614
2003,652
2004,656
2005,596
2006,608
2007,610
2008,622
2009,619
2010,609
2011,603
2012,628
2013,577
2014,585
2015,664
2016,647
2017,614
2018,587
2019,587
2020,552
2021,636
2022,589
2023,729
2024,610
2025,672
2026,584
2027,612
2028,580
2029,554
2030,581
2031,597
2032,611
2033,585
2034,607
2035,560
2036,573
2037,546
2038,585
2039,593
2040,601
2041,573
2042,582
2043,565
2044,569
2045,591
2046,600
2047,593
2048,605
2049,628
2050,579
2051,589
2052,564
2053,510
2054,573
2055,560
2056,542
2057,575
2058,560
2059,562
2060,588
2061,517
2062,586
2063,548
2064,541
2065,551
2066,550
2067,557
2068,517
2069,587
2070,557
2071,539
2072,540
2073,532
2074,576
2075,512
2076,572
2077,534
2078,516
2079,589
2080,526
2081,558
2082,540
2083,552
2084,552
2085,571
2086,520
2087,522
2088,518
2089,544
2090,549
2091,536
2092,540
2093,497
2094,560
2095,517
2096,542
2097,531
2098,522
2099,572
2100,545
2101,512
2102,546
2103,560
2104,526
2105,611
2106,580
2107,470
2108,528
2109,512
2110,500
2111,585
2112,513
2113,489
2114,516
2115,489
2116,524
2117,497
2118,466
2119,546
2120,519
2121,486
2122,489
2123,484
2124,500
2125,517
2126,500
2127,497
2128,488
2129,514
2130,525
2131,464
2132,486
2133,554
2134,617
2135,531
2136,512
2137,478
2138,523
2139,479
2140,480
2141,556
2142,533
2143,520
2144,528
2145,501
2146,469
2147,496
2148,486
2149,508
2150,481
2151,494
2152,506
2153,459
2154,524
2155,528
2156,471
2157,532
2158,487
2159,550
2160,482
2161,483
2162,439
2163,502
2164,479
2165,486
2166,508
2167,461
2168,468
2169,432
2170,502
2171,488
2172,507
2173,509
2174,484
2175,482
2176,487
2177,565
2178,521
2179,506
2180,473
2181,450
2182,474
2183,497
2184,505
2185,479
2186,449
2187,448
2188,448
2189,462
2190,461
2191,445
2192,476
2193,458
2194,445
2195,491
2196,432
2197,492
2198,453
2199,477
2200,488
2201,446
2202,438
2203,447
2204,489
2205,475
2206,521
2207,458
2208,474
2209,469
2210,455
2211,451
2212,445
2213,461
2214,449
2215,498
2216,426
2217,421
2218,474
2219,449
2220,485
2221,425
2222,480
2223,425
2224,447
2225,464
2226,435
2227,473
2228,428
2229,434
2230,460
2231,527
2232,481
2233,447
2234,436
2235,428
2236,452
2237,438
2238,402
2239,448
2240,431
2241,440
2242,477
2243,449
2244,425
2245,413
2246,425
2247,428
2248,440
2249,418
2250,479
2251,412
2252,421
2253,441
2254,461
2255,461
2256,462
2257,417
2258,449
2259,396
2260,413
2261,463
2262,429
2263,442
2264,633
2265,464
2266,435
2267,449
2268,466
2269,412
2270,425
2271,436
2272,436
2273,493
2274,437
2275,411
2276,439
2277,442
2278,432
2279,450
2280,440
2281,417
2282,410
2283,426
2284,446
2285,381
2286,405
2287,421
2288,390
2289,447
2290,405
2291,374
2292,397
2293,421
2294,436
2295,378
2296,389
2297,413
2298,446
2299,394
2300,375
2301,378
2302,390
2303,435
2304,572
2305,410
2306,390
2307,398
2308,423
2309,420
2310,425
2311,411
2312,422
2313,405
2314,393
2315,395
2316,413
2317,410
2318,360
2319,405
2320,391
2321,401
2322,417
2323,388
2324,383
2325,380
2326,413
2327,445
2328,406
2329,361
2330,354
2331,406
2332,373
2333,410
2334,361
2335,432
2336,370
2337,395
2338,355
2339,424
2340,417
2341,370
2342,372
2343,399
2344,421
2345,453
2346,411
2347,372
2348,370
2349,352
2350,426
2351,385
2352,363
2353,398
2354,383
2355,381
2356,375
2357,395
2358,367
2359,378
2360,385
2361,392
2362,333
2363,378
2364,361
2365,408
2366,347
2367,396
2368,397
2369,396
2370,339
2371,357
2372,348
2373,377
2374,388
2375,393
2376,378
2377,417
2378,359
2379,362
2380,361
2381,371
2382,359
2383,370
2384,363
2385,402
2386,408
2387,427
2388,350
2389,401
2390,349
2391,380
2392,356
2393,379
2394,404
2395,373
2396,343
2397,357
2398,335
2399,388
2400,363
2401,351
2402,381
2403,376
2404,363
2405,367
2406,355
2407,375
2408,360
2409,398
2410,359
2411,378
2412,374
2413,340
2414,350
2415,357
2416,362
2417,356
2418,370
2419,370
2420,368
2421,346
2422,341
2423,377
2424,319
2425,352
2426,342
2427,355
2428,353
2429,368
2430,350
2431,325
2432,346
2433,364
2434,329
2435,347
2436,351
2437,352
2438,358
2439,354
2440,341
2441,397
2442,335
2443,329
2444,365
2445,359
2446,353
2447,356
2448,337
2449,335
2450,368
2451,373
2452,342
2453,358
2454,358
2455,382
2456,334
2457,353
2458,321
2459,321
2460,308
2461,327
2462,359
2463,334
2464,342
2465,344
2466,343
2467,309
2468,321
2469,354
2470,332
2471,333
2472,337
2473,311
2474,331
2475,327
2476,334
2477,323
2478,337
2479,357
2480,342
2481,329
2482,333
2483,328
2484,344
2485,327
2486,344
2487,325
2488,339
2489,325
2490,355
2491,330
2492,326
2493,565
2494,372
2495,329
2496,431
2497,333
2498,325
2499,322
2500,349
2501,327
2502,307
2503,317
2504,307
2505,308
2506,304
2507,324
2508,331
2509,304
2510,308
2511,364
2512,309
2513,345
2514,344
2515,341
2516,310
2517,306
2518,297
2519,341
2520,345
2521,276
2522,326
2523,330
2524,330
2525,342
2526,312
2527,326
2528,304
2529,324
2530,346
2531,309
2532,280
2533,290
2534,314
2535,310
2536,317
2537,297
2538,344
2539,270
2540,313
2541,308
2542,302
2543,277
2544,289
2545,290
2546,309
2547,316
2548,321
2549,334
2550,334
2551,278
2552,316
2553,306
2554,341
2555,313
2556,304
2557,314
2558,314
2559,277
2560,307
2561,302
2562,352
2563,303
2564,294
2565,287
2566,297
2567,275
2568,290
2569,277
2570,323
2571,295
2572,336
2573,301
2574,292
2575,297
2576,266
2577,308
2578,310
2579,272
2580,333
2581,340
2582,295
2583,289
2584,277
2585,261
2586,280
2587,276
2588,299
2589,282
2590,306
2591,287
2592,291
2593,292
2594,292
2595,276
2596,250
2597,271
2598,291
2599,301
2600,278
2601,299
2602,269
2603,279
2604,278
2605,269
2606,259
2607,286
2608,271
2609,273
2610,275
2611,281
2612,290
2613,273
2614,268
2615,262
2616,279
2617,282
2618,270
2619,394
2620,285
2621,275
2622,281
2623,265
2624,296
2625,287
2626,303
2627,290
2628,269
2629,336
2630,313
2631,302
2632,276
2633,275
2634,278
2635,268
2636,245
2637,258
2638,280
2639,295
2640,305
2641,308
2642,305
2643,314
2644,484
2645,340
2646,321
2647,282
2648,262
2649,301
2650,247
2651,245
2652,260
2653,319
2654,289
2655,263
2656,377
2657,277
2658,283
2659,260
2660,254
2661,283
2662,247
2663,277
2664,298
2665,278
2666,289
2667,267
2668,249
2669,252
2670,263
2671,231
2672,266
2673,265
2674,236
2675,265
2676,270
2677,270
2678,282
2679,255
2680,229
2681,267
2682,264
2683,285
2684,249
2685,275
2686,276
2687,258
2688,249
2689,244
2690,246
2691,243
2692,258
2693,240
2694,251
2695,259
2696,229
2697,263
2698,260
2699,256
2700,280
2701,247
2702,292
2703,244
2704,268
2705,243
2706,279
2707,235
2708,294
2709,237
2710,266
2711,216
2712,260
2713,229
2714,259
2715,270
2716,263
2717,264
2718,241
2719,248
2720,257
2721,254
2722,265
2723,256
2724,287
2725,263
2726,260
2727,264
2728,226
2729,261
2730,249
2731,220
2732,228
2733,262
2734,246
2735,253
2736,255
2737,258
2738,279
2739,261
2740,231
2741,231
2742,212
2743,222
2744,260
2745,265
2746,232
2747,240
2748,246
2749,235
2750,269
2751,232
2752,239
2753,228
2754,239
2755,245
2756,259
2757,238
2758,245
2759,267
2760,258
2761,247
2762,226
2763,248
2764,238
2765,236
2766,263
2767,223
2768,210
2769,233
2770,206
2771,269
2772,251
2773,232
2774,224
2775,253
2776,245
2777,238
2778,212
2779,233
2780,235
2781,231
2782,204
2783,224
2784,226
2785,201
2786,225
2787,230
2788,246
2789,231
2790,231
2791,227
2792,213
2793,234
2794,245
2795,277
2796,218
2797,236
2798,219
2799,254
2800,226
2801,208
2802,226
2803,229
2804,239
2805,248
2806,252
2807,221
2808,259
2809,261
2810,234
2811,223
2812,205
2813,248
2814,215
2815,236
2816,256
2817,239
2818,216
2819,224
2820,235
2821,236
2822,251
2823,208
2824,222
2825,211
2826,217
2827,230
2828,253
2829,226
2830,210
2831,231
2832,252
2833,245
2834,236
2835,206
2836,193
2837,234
2838,231
2839,218
2840,220
2841,236
2842,214
2843,202
2844,210
2845,218
2846,218
2847,226
2848,233
2849,240
2850,210
2851,199
2852,223
2853,199
2854,215
2855,236
2856,220
2857,207
2858,194
2859,224
2860,232
2861,235
2862,213
2863,209
2864,186
2865,218
2866,230
2867,216
2868,202
2869,226
2870,202
2871,205
2872,193
2873,184
2874,231
2875,228
2876,192
2877,201
2878,210
2879,233
2880,187
2881,202
2882,206
2883,209
2884,181
2885,216
2886,195
2887,209
2888,200
2889,221
2890,237
2891,226
2892,249
2893,236
2894,201
2895,190
2896,205
2897,220
2898,203
2899,234
2900,213
2901,228
2902,183
2903,199
2904,241
2905,218
2906,208
2907,186
2908,196
2909,214
2910,200
2911,200
2912,222
2913,223
2914,228
2915,234
2916,197
2917,196
2918,199
2919,191
2920,233
2921,198
2922,210
2923,197
2924,210
2925,212
2926,192
2927,208
2928,169
2929,212
2930,192
2931,215
2932,213
2933,220
2934,201
2935,194
2936,186
2937,213
2938,207
2939,196
2940,194
2941,198
2942,219
2943,178
2944,186
2945,212
2946,192
2947,195
2948,187
2949,207
2950,194
2951,190
2952,198
2953,198
2954,205
2955,204
2956,189
2957,192
2958,204
2959,246
2960,181
2961,206
2962,217
2963,194
2964,193
2965,178
2966,201
2967,162
2968,208
2969,205
2970,199
2971,185
2972,191
2973,190
2974,208
2975,183
2976,176
2977,204
2978,175
2979,227
2980,180
2981,171
2982,183
2983,187
2984,205
2985,181
2986,210
2987,182
2988,172
2989,209
2990,183
2991,201
2992,181
2993,188
2994,215
2995,208
2996,200
2997,167
2998,194
2999,184
3000,206
3001,183
3002,232
3003,189
3004,164
3005,162
3006,183
3007,193
3008,204
3009,181
3010,188
3011,175
3012,188
3013,221
3014,187
3015,176
3016,195
3017,191
3018,159
3019,175
3020,189
3021,189
3022,180
3023,221
3024,180
3025,208
3026,180
3027,176
3028,196
3029,171
3030,159
3031,212
3032,182
3033,221
3034,188
3035,194
3036,187
3037,183
3038,197
3039,197
3040,197
3041,188
3042,182
3043,174
3044,174
3045,183
3046,184
3047,174
3048,164
3049,205
3050,185
3051,166
3052,187
3053,177
3054,166
3055,182
3056,175
3057,163
3058,166
3059,174
3060,171
3061,176
3062,183
3063,180
3064,191
3065,183
3066,164
3067,210
3068,189
3069,169
3070,149
3071,195
3072,171
3073,173
3074,165
3075,194
3076,172
3077,179
3078,169
3079,188
3080,193
3081,168
3082,186
3083,166
3084,180
3085,189
3086,151
3087,207
3088,183
3089,176
3090,166
3091,171
3092,166
3093,186
3094,152
3095,216
3096,166
3097,192
3098,170
3099,178
3100,166
3101,155
3102,156
3103,167
3104,187
3105,164
3106,196
3107,172
3108,161
3109,167
3110,179
3111,177
3112,159
3113,158
3114,158
3115,178
3116,166
3117,171
3118,169
3119,202
3120,190
3121,174
3122,158
3123,162
3124,174
3125,151
3126,160
3127,191
3128,156
3129,159
3130,186
3131,174
3132,166
3133,169
3134,187
3135,174
3136,166
3137,147
3138,172
3139,158
3140,173
3141,142
3142,136
3143,163
3144,162
3145,154
3146,182
3147,166
3148,171
3149,183
3150,164
3151,147
3152,135
3153,153
3154,149
3155,152
3156,148
3157,154
3158,156
3159,159
3160,180
3161,163
3162,144
3163,159
3164,156
3165,160
3166,176
3167,152
3168,174
3169,152
3170,162
3171,161
3172,167
3173,138
3174,145
3175,163
3176,172
3177,152
3178,147
3179,165
3180,144
3181,154
3182,150
3183,173
3184,147
3185,132
3186,162
3187,150
3188,144
3189,173
3190,155
3191,162
3192,150
3193,125
3194,169
3195,146
3196,164
3197,160
3198,156
3199,162
3200,179
3201,160
3202,163
3203,142
3204,130
3205,149
3206,152
3207,165
3208,151
3209,154
3210,152
3211,146
3212,164
3213,165
3214,154
3215,162
3216,157
3217,151
3218,140
3219,145
3220,143
3221,160
3222,151
3223,128
3224,135
3225,149
3226,130
3227,147
3228,134
3229,176
3230,166
3231,160
3232,154
3233,149
3234,147
3235,125
3236,142
3237,159
3238,146
3239,164
3240,159
3241,148
3242,156
3243,136
3244,158
3245,160
3246,156
3247,174
3248,137
3249,166
3250,136
3251,162
3252,163
3253,146
3254,159
3255,140
3256,163
3257,120
3258,155
3259,151
3260,139
3261,147
3262,134
3263,134
3264,166
3265,137
3266,130
3267,144
3268,130
3269,148
3270,144
3271,158
3272,161
3273,146
3274,153
3275,169
3276,149
3277,154
3278,131
3279,138
3280,144
3281,158
3282,171
3283,131
3284,138
3285,142
3286,137
3287,139
3288,151
3289,146
3290,151
3291,147
3292,160
3293,145
3294,114
3295,147
3296,149
3297,143
3298,118
3299,158
3300,156
3301,152
3302,139
3303,160
3304,142
3305,138
3306,141
3307,139
3308,135
3309,140
3310,132
3311,144
3312,119
3313,117
3314,136
3315,137
3316,143
3317,120
3318,144
3319,146
3320,143
3321,143
3322,111
3323,150
3324,141
3325,144
3326,133
3327,117
3328,141
3329,147
3330,149
3331,144
3332,147
3333,131
3334,134
3335,127
3336,167
3337,158
3338,162
3339,173
3340,138
3341,127
3342,126
3343,140
3344,134
3345,139
3346,129
3347,120
3348,121
3349,112
3350,136
3351,138
3352,140
3353,120
3354,140
3355,137
3356,144
3357,134
3358,129
3359,144
3360,175
3361,156
3362,127
3363,135
3364,105
3365,113
3366,137
3367,137
3368,114
3369,119
3370,132
3371,116
3372,127
3373,130
3374,118
3375,146
3376,142
3377,114
3378,124
3379,127
3380,138
3381,148
3382,133
3383,119
3384,128
3385,132
3386,127
3387,117
3388,133
3389,108
3390,134
3391,122
3392,142
3393,150
3394,136
3395,111
3396,115
3397,95
3398,141
3399,130
3400,139
3401,145
3402,149
3403,105
3404,121
3405,120
3406,111
3407,112
3408,131
3409,122
3410,136
3411,125
3412,116
3413,139
3414,144
3415,144
3416,129
3417,112
3418,131
3419,119
3420,114
3421,122
3422,139
3423,132
3424,142
3425,119
3426,119
3427,103
3428,125
3429,139
3430,120
3431,130
3432,105
3433,116
3434,114
3435,148
3436,141
3437,114
3438,130
3439,125
3440,124
3441,136
3442,113
3443,143
3444,95
3445,125
3446,125
3447,106
3448,122
3449,142
3450,133
3451,101
3452,114
3453,117
3454,113
3455,145
3456,113
3457,129
3458,127
3459,137
3460,123
3461,117
3462,124
3463,123
3464,111
3465,85
3466,129
3467,118
3468,132
3469,124
3470,121
3471,124
3472,108
3473,120
3474,106
3475,121
3476,127
3477,143
3478,119
3479,122
3480,132
3481,133
3482,113
3483,120
3484,102
3485,123
3486,129
3487,95
3488,121
3489,107
3490,136
3491,114
3492,97
3493,104
3494,125
3495,109
3496,117
3497,140
3498,119
3499,121
3500,133
3501,117
3502,116
3503,111
3504,124
3505,101
3506,125
3507,115
3508,108
3509,140
3510,127
3511,108
3512,122
3513,128
3514,121
3515,115
3516,120
3517,138
3518,103
3519,129
3520,118
3521,101
3522,110
3523,124
3524,123
3525,107
3526,123
3527,129
3528,113
3529,117
3530,120
3531,90
3532,110
3533,129
3534,114
3535,115
3536,116
3537,122
3538,127
3539,93
3540,111
3541,86
3542,127
3543,114
3544,99
3545,120
3546,106
3547,120
3548,111
3549,114
3550,95
3551,106
3552,118
3553,96
3554,103
3555,118
3556,122
3557,101
3558,105
3559,124
3560,106
3561,112
3562,101
3563,100
3564,113
3565,122
3566,98
3567,97
3568,115
3569,101
3570,113
3571,108
3572,121
3573,108
3574,109
3575,102
3576,101
3577,118
3578,106
3579,98
3580,106
3581,82
3582,105
3583,111
3584,108
3585,113
3586,111
3587,111
3588,104
3589,126
3590,112
3591,96
3592,95
3593,124
3594,102
3595,99
3596,94
3597,110
3598,111
3599,122
3600,129
3601,121
3602,122
3603,93
3604,105
3605,101
3606,106
3607,102
3608,105
3609,107
3610,122
3611,105
3612,115
3613,105
3614,107
3615,104
3616,98
3617,119
3618,123
3619,93
3620,104
3621,90
3622,84
3623,106
3624,105
3625,114
3626,118
3627,115
3628,119
3629,123
3630,115
3631,121
3632,104
3633,97
3634,110
3635,106
3636,94
3637,111
3638,100
3639,108
3640,107
3641,93
3642,119
3643,85
3644,115
3645,103
3646,98
3647,106
3648,116
3649,86
3650,117
3651,106
3652,112
3653,106
3654,81
3655,102
3656,100
3657,90
3658,101
3659,97
3660,99
3661,102
3662,89
3663,95
3664,112
3665,104
3666,98
3667,111
3668,110
3669,90
3670,81
3671,120
3672,139
3673,109
3674,94
3675,86
3676,79
3677,94
3678,94
3679,103
3680,103
3681,95
3682,109
3683,96
3684,103
3685,114
3686,104
3687,103
3688,109
3689,106
3690,109
3691,106
3692,95
3693,94
3694,127
3695,97
3696,106
3697,87
3698,99
3699,104
3700,92
3701,89
3702,83
3703,101
3704,94
3705,101
3706,107
3707,106
3708,86
3709,75
3710,74
3711,93
3712,98
3713,96
3714,102
3715,103
3716,101
3717,82
3718,97
3719,104
3720,97
3721,85
3722,101
3723,107
3724,96
3725,100
3726,93
3727,91
3728,98
3729,103
3730,88
3731,101
3732,97
3733,90
3734,104
3735,90
3736,95
3737,100
3738,99
3739,96
3740,101
3741,95
3742,95
3743,93
3744,106
3745,102
3746,86
3747,104
3748,91
3749,89
3750,106
3751,96
3752,65
3753,91
3754,90
3755,110
3756,92
3757,102
3758,109
3759,103
3760,98
3761,78
3762,83
3763,109
3764,94
3765,87
3766,90
3767,86
3768,86
3769,111
3770,110
3771,99
3772,97
3773,114
3774,87
3775,90
3776,85
3777,97
3778,89
3779,95
3780,124
3781,96
3782,93
3783,91
3784,103
3785,98
3786,91
3787,109
3788,90
3789,99
3790,86
3791,94
3792,78
3793,82
3794,105
3795,80
3796,97
3797,92
3798,78
3799,95
3800,92
3801,93
3802,70
3803,76
3804,96
3805,86
3806,87
3807,97
3808,94
3809,104
3810,85
3811,109
3812,75
3813,94
3814,89
3815,95
3816,111
3817,106
3818,98
3819,97
3820,93
3821,74
3822,82
3823,76
3824,86
3825,83
3826,104
3827,106
3828,98
3829,88
3830,86
3831,75
3832,73
3833,81
3834,89
3835,89
3836,104
3837,84
3838,81
3839,98
3840,111
3841,74
3842,84
3843,87
3844,77
3845,79
3846,87
3847,75
3848,87
3849,93
3850,99
3851,88
3852,85
3853,104
3854,85
3855,93
3856,85
3857,58
3858,94
3859,68
3860,83
3861,79
3862,75
3863,80
3864,98
3865,102
3866,80
3867,99
3868,90
3869,75
3870,87
3871,96
3872,89
3873,76
3874,96
3875,96
3876,85
3877,87
3878,82
3879,90
3880,88
3881,73
3882,88
3883,93
3884,77
3885,94
3886,66
3887,100
3888,92
3889,89
3890,52
3891,78
3892,90
3893,80
3894,86
3895,93
3896,81
3897,95
3898,84
3899,89
3900,89
3901,79
3902,76
3903,70
3904,97
3905,81
3906,98
3907,99
3908,74
3909,78
3910,80
3911,93
3912,96
3913,76
3914,84
3915,80
3916,83
3917,64
3918,68
3919,89
3920,95
3921,88
3922,74
3923,75
3924,79
3925,68
3926,91
3927,85
3928,76
3929,85
3930,92
3931,67
3932,97
3933,86
3934,78
3935,66
3936,89
3937,74
3938,75
3939,93
3940,78
3941,88
3942,91
3943,79
3944,80
3945,76
3946,77
3947,78
3948,100
3949,72
3950,82
3951,84
3952,74
3953,88
3954,75
3955,91
3956,67
3957,95
3958,90
3959,87
3960,90
3961,87
3962,70
3963,73
3964,79
3965,86
3966,97
3967,76
3968,77
3969,69
3970,86
3971,76
3972,74
3973,66
3974,71
3975,83
3976,63
3977,78
3978,78
3979,74
3980,86
3981,86
3982,86
3983,70
3984,88
3985,77
3986,78
3987,69
3988,77
3989,72
3990,89
3991,66
3992,79
3993,95
3994,70
3995,101
3996,79
3997,93
3998,89
3999,88
4000,127
4001,81
4002,91
4003,74
4004,81
4005,92
4006,64
4007,65
4008,73
4009,81
4010,75
4011,74
4012,78
4013,78
4014,83
4015,79
4016,59
4017,77
4018,80
4019,79
4020,80
4021,71
4022,85
4023,97
4024,84
4025,66
4026,84
4027,68
4028,78
4029,87
4030,75
4031,91
4032,89
4033,81
4034,76
4035,71
4036,58
4037,69
4038,71
4039,84
4040,72
4041,85
4042,88
4043,75
4044,60
4045,83
4046,74
4047,64
4048,70
4049,91
4050,79
4051,81
4052,81
4053,92
4054,71
4055,64
4056,84
4057,61
4058,68
4059,71
4060,75
4061,66
4062,72
4063,78
4064,73
4065,81
4066,91
4067,88
4068,70
4069,66
4070,68
4071,70
4072,53
4073,81
4074,63
4075,76
4076,64
4077,83
4078,68
4079,84
4080,68
4081,85
4082,88
4083,84
4084,73
4085,72
4086,68
4087,70
4088,79
4089,69
4090,60
4091,64
4092,92
4093,73
4094,92
4095,95
4096,72
4097,66
4098,69
4099,73
4100,69
4101,64
4102,70
4103,82
4104,90
4105,70
4106,72
4107,100
4108,81
4109,75
4110,70
4111,84
4112,69
4113,80
4114,61
4115,82
4116,80
4117,84
4118,69
4119,63
4120,74
4121,66
4122,77
4123,69
4124,69
4125,59
4126,67
4127,72
4128,65
4129,66
4130,66
4131,58
4132,85
4133,71
4134,83
4135,68
4136,70
4137,75
4138,84
4139,76
4140,59
4141,69
4142,66
4143,59
4144,79
4145,82
4146,66
4147,66
4148,78
4149,63
4150,77
4151,59
4152,72
4153,82
4154,71
4155,59
4156,59
4157,63
4158,56
4159,67
4160,77
4161,63
4162,59
4163,64
4164,66
4165,65
4166,73
4167,57
4168,69
4169,73
4170,57
4171,65
4172,84
4173,72
4174,77
4175,66
4176,71
4177,67
4178,56
4179,71
4180,57
4181,79
4182,69
4183,71
4184,52
4185,54
4186,60
4187,94
4188,76
4189,72
4190,75
4191,75
4192,62
4193,65
4194,66
4195,65
4196,49
4197,63
4198,66
4199,64
4200,79
4201,85
4202,73
4203,58
4204,51
4205,67
4206,64
4207,72
4208,47
4209,65
4210,102
4211,83
4212,85
4213,90
4214,54
4215,73
4216,81
4217,71
4218,74
4219,58
4220,76
4221,59
4222,67
4223,66
4224,71
4225,64
4226,65
4227,70
4228,58
4229,60
4230,68
4231,57
4232,74
4233,58
4234,61
4235,58
4236,70
4237,62
4238,55
4239,60
4240,72
4241,66
4242,68
4243,71
4244,67
4245,63
4246,67
4247,75
4248,52
4249,58
4250,53
4251,68
4252,74
4253,58
4254,74
4255,66
4256,96
4257,57
4258,62
4259,62
4260,50
4261,67
4262,53
4263,76
4264,80
4265,74
4266,65
4267,71
4268,69
4269,46
4270,55
4271,72
4272,66
4273,57
4274,72
4275,56
4276,59
4277,61
4278,77
4279,53
4280,59
4281,54
4282,55
4283,72
4284,70
4285,57
4286,54
4287,61
4288,50
4289,63
4290,58
4291,64
4292,58
4293,61
4294,63
4295,69
4296,60
4297,61
4298,68
4299,72
4300,70
4301,62
4302,72
4303,67
4304,70
4305,61
4306,49
4307,77
4308,64
4309,68
4310,64
4311,70
4312,53
4313,71
4314,70
4315,59
4316,69
4317,55
4318,73
4319,78
4320,74
4321,54
4322,74
4323,64
4324,57
4325,58
4326,67
4327,69
4328,74
4329,61
4330,64
4331,64
4332,67
4333,58
4334,49
4335,65
4336,71
4337,58
4338,57
4339,64
4340,59
4341,65
4342,69
4343,78
4344,55
4345,48
4346,66
4347,81
4348,76
4349,73
4350,67
4351,62
4352,68
4353,52
4354,66
4355,51
4356,63
4357,84
4358,72
4359,66
4360,73
4361,59
4362,59
4363,72
4364,45
4365,61
4366,49
4367,56
4368,67
4369,68
4370,65
4371,72
4372,75
4373,63
4374,60
4375,62
4376,58
4377,64
4378,73
4379,53
4380,76
4381,63
4382,65
4383,53
4384,68
4385,63
4386,72
4387,53
4388,58
4389,70
4390,68
4391,64
4392,61
4393,55
4394,68
4395,61
4396,65
4397,58
4398,66
4399,67
4400,57
4401,52
4402,55
4403,69
4404,57
4405,45
4406,54
4407,69
4408,54
4409,62
4410,72
4411,71
4412,63
4413,73
4414,50
4415,59
4416,55
4417,58
4418,72
4419,70
4420,63
4421,56
4422,59
4423,64
4424,74
4425,68
4426,62
4427,54
4428,45
4429,49
4430,58
4431,53
4432,51
4433,47
4434,55
4435,64
4436,58
4437,62
4438,48
4439,62
4440,65
4441,56
4442,62
4443,74
4444,64
4445,57
4446,61
4447,59
4448,69
4449,57
4450,52
4451,52
4452,61
4453,56
4454,63
4455,58
4456,68
4457,41
4458,46
4459,48
4460,66
4461,45
4462,58
4463,70
4464,64
4465,55
4466,43
4467,62
4468,60
4469,55
4470,53
4471,49
4472,65
4473,90
4474,59
4475,67
4476,59
4477,58
4478,62
4479,61
4480,68
4481,62
4482,52
4483,58
4484,64
4485,69
4486,69
4487,50
4488,62
4489,52
4490,45
4491,52
4492,45
4493,55
4494,50
4495,51
4496,44
4497,48
4498,56
4499,65
4500,143
4501,47
4502,63
4503,42
4504,54
4505,50
4506,47
4507,57
4508,46
4509,55
4510,56
4511,55
4512,43
4513,49
4514,55
4515,49
4516,35
4517,53
4518,63
4519,41
4520,61
4521,39
4522,48
4523,49
4524,70
4525,48
4526,55
4527,35
4528,51
4529,45
4530,48
4531,68
4532,59
4533,59
4534,45
4535,54
4536,71
4537,47
4538,61
4539,55
4540,59
4541,25
4542,53
4543,48
4544,63
4545,47
4546,40
4547,54
4548,61
4549,60
4550,54
4551,55
4552,54
4553,55
4554,54
4555,51
4556,45
4557,56
4558,51
4559,60
4560,40
4561,34
4562,63
4563,55
4564,61
4565,52
4566,42
4567,46
4568,54
4569,56
4570,44
4571,48
4572,44
4573,57
4574,58
4575,40
4576,43
4577,46
4578,48
4579,63
4580,48
4581,56
4582,56
4583,44
4584,46
4585,53
4586,47
4587,56
4588,43
4589,59
4590,47
4591,52
4592,50
4593,40
4594,49
4595,49
4596,51
4597,57
4598,53
4599,50
4600,51
4601,37
4602,46
4603,45
4604,52
4605,47
4606,44
4607,47
4608,58
4609,44
4610,47
4611,58
4612,56
4613,40
4614,45
4615,43
4616,61
4617,55
4618,37
4619,53
4620,59
4621,31
4622,54
4623,70
4624,65
4625,46
4626,52
4627,51
4628,49
4629,50
4630,53
4631,40
4632,43
4633,42
4634,52
4635,42
4636,59
4637,42
4638,47
4639,53
4640,55
4641,55
4642,51
4643,55
4644,48
4645,42
4646,43
4647,42
4648,44
4649,46
4650,44
4651,41
4652,40
4653,41
4654,41
4655,44
4656,34
4657,42
4658,53
4659,41
4660,41
4661,53
4662,49
4663,38
4664,52
4665,32
4666,47
4667,39
4668,50
4669,44
4670,51
4671,46
4672,52
4673,52
4674,56
4675,44
4676,44
4677,45
4678,55
4679,51
4680,40
4681,55
4682,52
4683,42
4684,48
4685,43
4686,43
4687,41
4688,48
4689,63
4690,49
4691,50
4692,36
4693,37
4694,51
4695,41
4696,48
4697,47
4698,38
4699,37
4700,50
4701,52
4702,41
4703,42
4704,66
4705,32
4706,42
4707,44
4708,55
4709,46
4710,37
4711,63
4712,30
4713,35
4714,57
4715,48
4716,32
4717,46
4718,41
4719,56
4720,51
4721,52
4722,49
4723,35
4724,48
4725,43
4726,41
4727,38
4728,38
4729,45
4730,35
4731,48
4732,45
4733,44
4734,48
4735,40
4736,40
4737,52
4738,51
4739,37
4740,47
4741,45
4742,37
4743,46
4744,44
4745,40
4746,42
4747,42
4748,45
4749,51
4750,39
4751,52
4752,36
4753,32
4754,43
4755,42
4756,47
4757,40
4758,45
4759,54
4760,47
4761,40
4762,39
4763,36
4764,35
4765,42
4766,33
4767,37
4768,41
4769,44
4770,54
4771,44
4772,26
4773,37
4774,39
4775,45
4776,47
4777,42
4778,41
4779,56
4780,37
4781,45
4782,39
4783,39
4784,45
4785,50
4786,50
4787,52
4788,43
4789,43
4790,46
4791,39
4792,52
4793,43
4794,33
4795,52
4796,37
4797,36
4798,41
4799,48
4800,45
4801,41
4802,42
4803,49
4804,38
4805,53
4806,36
4807,50
4808,48
4809,51
4810,48
4811,37
4812,41
4813,39
4814,42
4815,40
4816,64
4817,41
4818,35
4819,43
4820,40
4821,38
4822,59
4823,37
4824,45
4825,41
4826,43
4827,52
4828,58
4829,42
4830,46
4831,40
4832,41
4833,44
4834,48
4835,36
4836,40
4837,40
4838,32
4839,45
4840,46
4841,43
4842,43
4843,36
4844,40
4845,44
4846,38
4847,46
4848,40
4849,51
4850,50
4851,45
4852,50
4853,34
4854,44
4855,41
4856,32
4857,34
4858,42
4859,53
4860,38
4861,43
4862,50
4863,40
4864,36
4865,34
4866,39
4867,44
4868,31
4869,47
4870,41
4871,34
4872,37
4873,37
4874,38
4875,36
4876,45
4877,34
4878,46
4879,37
4880,40
4881,39
4882,50
4883,37
4884,47
4885,31
4886,46
4887,35
4888,47
4889,54
4890,35
4891,56
4892,22
4893,30
4894,34
4895,44
4896,40
4897,39
4898,52
4899,56
4900,52
4901,41
4902,43
4903,39
4904,40
4905,49
4906,26
4907,43
4908,43
4909,48
4910,34
4911,32
4912,31
4913,47
4914,42
4915,49
4916,32
4917,40
4918,40
4919,35
4920,39
4921,35
4922,41
4923,33
4924,38
4925,49
4926,35
4927,37
4928,42
4929,35
4930,41
4931,26
4932,32
4933,41
4934,27
4935,49
4936,38
4937,37
4938,32
4939,39
4940,32
4941,40
4942,48
4943,27
4944,41
4945,32
4946,39
4947,44
4948,43
4949,57
4950,36
4951,43
4952,38
4953,28
4954,35
4955,40
4956,45
4957,40
4958,28
4959,29
4960,53
4961,39
4962,36
4963,33
4964,36
4965,36
4966,35
4967,29
4968,37
4969,40
4970,40
4971,42
4972,45
4973,45
4974,33
4975,38
4976,36
4977,34
4978,43
4979,57
4980,44
4981,45
4982,35
4983,35
4984,27
4985,41
4986,36
4987,42
4988,50
4989,26
4990,32
4991,40
4992,38
4993,30
4994,31
4995,37
4996,43
4997,30
4998,39
4999,43
5000,43
5001,32
5002,35
5003,38
5004,35
5005,37
5006,34
5007,24
5008,21
5009,35
5010,43
5011,40
5012,42
5013,52
5014,39
5015,38
5016,29
5017,38
5018,28
5019,39
5020,35
5021,34
5022,38
5023,38
5024,34
5025,43
5026,35
5027,34
5028,37
5029,36
5030,32
5031,45
5032,38
5033,32
5034,39
5035,30
5036,38
5037,34
5038,35
5039,48
5040,40
5041,45
5042,22
5043,42
5044,37
5045,28
5046,34
5047,28
5048,37
5049,28
5050,29
5051,34
5052,34
5053,39
5054,38
5055,32
5056,47
5057,36
5058,48
5059,46
5060,41
5061,43
5062,33
5063,37
5064,49
5065,27
5066,32
5067,36
5068,34
5069,43
5070,32
5071,39
5072,32
5073,37
5074,25
5075,30
5076,49
5077,43
5078,34
5079,29
5080,29
5081,36
5082,39
5083,34
5084,44
5085,29
5086,40
5087,36
5088,37
5089,35
5090,31
5091,31
5092,44
5093,29
5094,29
5095,40
5096,30
5097,35
5098,37
5099,30
5100,38
5101,32
5102,40
5103,40
5104,33
5105,31
5106,40
5107,30
5108,45
5109,27
5110,29
5111,45
5112,38
5113,27
5114,32
5115,29
5116,37
5117,29
5118,39
5119,33
5120,34
5121,47
5122,41
5123,33
5124,34
5125,38
5126,30
5127,34
5128,30
5129,47
5130,42
5131,28
5132,37
5133,35
5134,31
5135,45
5136,35
5137,22
5138,29
5139,32
5140,25
5141,39
5142,31
5143,34
5144,33
5145,26
5146,37
5147,29
5148,28
5149,33
5150,38
5151,28
5152,29
5153,30
5154,41
5155,43
5156,36
5157,30
5158,37
5159,29
5160,33
5161,38
5162,28
5163,42
5164,38
5165,41
5166,39
5167,31
5168,33
5169,36
5170,24
5171,35
5172,30
5173,27
5174,28
5175,34
5176,38
5177,34
5178,32
5179,35
5180,42
5181,30
5182,46
5183,35
5184,32
5185,46
5186,34
5187,25
5188,34
5189,40
5190,36
5191,29
5192,30
5193,33
5194,35
5195,29
5196,30
5197,32
5198,33
5199,33
5200,32
5201,36
5202,40
5203,26
5204,35
5205,48
5206,15
5207,47
5208,37
5209,36
5210,34
5211,34
5212,41
5213,29
5214,26
5215,37
5216,28
5217,33
5218,35
5219,28
5220,35
5221,36
5222,24
5223,38
5224,33
5225,33
5226,29
5227,30
5228,32
5229,24
5230,26
5231,31
5232,43
5233,27
5234,34
5235,35
5236,34
5237,31
5238,29
5239,33
5240,34
5241,37
5242,29
5243,29
5244,22
5245,27
5246,33
5247,35
5248,26
5249,32
5250,43
5251,24
5252,30
5253,29
5254,27
5255,46
5256,24
5257,40
5258,25
5259,35
5260,25
5261,33
5262,30
5263,41
5264,32
5265,24
5266,28
5267,31
5268,38
5269,21
5270,35
5271,22
5272,23
5273,36
5274,29
5275,28
5276,27
5277,25
5278,42
5279,38
5280,43
5281,28
5282,26
5283,30
5284,28
5285,39
5286,28
5287,31
5288,26
5289,28
5290,34
5291,32
5292,34
5293,25
5294,34
5295,40
5296,33
5297,24
5298,32
5299,30
5300,24
5301,29
5302,31
5303,34
5304,37
5305,32
5306,30
5307,26
5308,25
5309,30
5310,36
5311,31
5312,24
5313,23
5314,29
5315,39
5316,31
5317,53
5318,41
5319,35
5320,20
5321,30
5322,35
5323,35
5324,37
5325,41
5326,32
5327,29
5328,32
5329,28
5330,23
5331,27
5332,27
5333,35
5334,32
5335,42
5336,36
5337,30
5338,23
5339,38
5340,25
5341,30
5342,33
5343,27
5344,27
5345,26
5346,41
5347,29
5348,32
5349,26
5350,27
5351,40
5352,34
5353,34
5354,33
5355,30
5356,28
5357,30
5358,33
5359,31
5360,27
5361,29
5362,31
5363,26
5364,30
5365,48
5366,37
5367,23
5368,21
5369,30
5370,37
5371,40
5372,23
5373,30
5374,33
5375,31
5376,31
5377,24
5378,31
5379,34
5380,45
5381,22
5382,34
5383,33
5384,19
5385,24
5386,28
5387,34
5388,26
5389,37
5390,40
5391,23
5392,28
5393,23
5394,17
5395,34
5396,22
5397,32
5398,27
5399,42
5400,23
5401,29
5402,27
5403,38
5404,32
5405,24
5406,38
5407,30
5408,18
5409,27
5410,37
5411,28
5412,28
5413,24
5414,42
5415,26
5416,32
5417,22
5418,26
5419,27
5420,32
5421,29
5422,32
5423,30
5424,27
5425,31
5426,29
5427,27
5428,26
5429,31
5430,32
5431,27
5432,28
5433,29
5434,25
5435,30
5436,18
5437,19
5438,26
5439,43
5440,30
5441,31
5442,33
5443,41
5444,32
5445,28
5446,21
5447,37
5448,33
5449,18
5450,24
5451,28
5452,27
5453,30
5454,16
5455,27
5456,23
5457,32
5458,26
5459,17
5460,27
5461,23
5462,28
5463,24
5464,31
5465,25
5466,30
5467,25
5468,25
5469,29
5470,41
5471,21
5472,29
5473,42
5474,33
5475,29
5476,22
5477,20
5478,22
5479,25
5480,24
5481,30
5482,30
5483,29
5484,30
5485,21
5486,25
5487,24
5488,33
5489,34
5490,20
5491,17
5492,20
5493,35
5494,34
5495,32
5496,32
5497,13
5498,17
5499,29
5500,22
5501,26
5502,28
5503,27
5504,36
5505,24
5506,25
5507,39
5508,32
5509,40
5510,22
5511,26
5512,35
5513,33
5514,26
5515,23
5516,24
5517,52
5518,27
5519,29
5520,26
5521,33
5522,25
5523,20
5524,20
5525,20
5526,24
5527,29
5528,28
5529,30
5530,31
5531,37
5532,25
5533,25
5534,23
5535,29
5536,36
5537,21
5538,26
5539,21
5540,29
5541,22
5542,30
5543,25
5544,29
5545,21
5546,33
5547,28
5548,23
5549,24
5550,27
5551,30
5552,22
5553,28
5554,13
5555,28
5556,22
5557,25
5558,25
5559,24
5560,19
5561,28
5562,26
5563,26
5564,26
5565,29
5566,33
5567,31
5568,29
5569,30
5570,32
5571,24
5572,24
5573,23
5574,20
5575,20
5576,29
5577,33
5578,19
5579,35
5580,33
5581,30
5582,34
5583,29
5584,26
5585,24
5586,19
5587,36
5588,30
5589,29
5590,25
5591,31
5592,13
5593,27
5594,26
5595,28
5596,33
5597,36
5598,18
5599,29
5600,31
5601,33
5602,31
5603,23
5604,31
5605,24
5606,42
5607,17
5608,20
5609,34
5610,30
5611,23
5612,26
5613,20
5614,28
5615,31
5616,29
5617,23
5618,31
5619,17
5620,25
5621,21
5622,36
5623,21
5624,32
5625,31
5626,24
5627,34
5628,22
5629,28
5630,23
5631,21
5632,25
5633,33
5634,31
5635,26
5636,25
5637,26
5638,34
5639,29
5640,14
5641,18
5642,19
5643,25
5644,22
5645,32
5646,41
5647,19
5648,24
5649,28
5650,34
5651,25
5652,23
5653,25
5654,23
5655,23
5656,30
5657,27
5658,24
5659,24
5660,35
5661,27
5662,33
5663,30
5664,26
5665,30
5666,27
5667,28
5668,26
5669,31
5670,36
5671,23
5672,38
5673,31
5674,27
5675,26
5676,35
5677,29
5678,25
5679,28
5680,33
5681,23
5682,13
5683,30
5684,31
5685,34
5686,22
5687,23
5688,16
5689,26
5690,27
5691,31
5692,21
5693,24
5694,30
5695,25
5696,21
5697,18
5698,28
5699,23
5700,26
5701,19
5702,34
5703,19
5704,36
5705,15
5706,28
5707,20
5708,22
5709,23
5710,25
5711,29
5712,30
5713,17
5714,20
5715,31
5716,20
5717,22
5718,18
5719,31
5720,17
5721,23
5722,18
5723,27
5724,29
5725,29
5726,21
5727,21
5728,31
5729,26
5730,25
5731,18
5732,19
5733,30
5734,32
5735,22
5736,30
5737,16
5738,16
5739,20
5740,24
5741,23
5742,31
5743,23
5744,28
5745,26
5746,27
5747,20
5748,18
5749,12
5750,20
5751,21
5752,22
5753,18
5754,24
5755,25
5756,23
5757,18
5758,26
5759,34
5760,18
5761,24
5762,31
5763,25
5764,28
5765,26
5766,25
5767,27
5768,26
5769,22
5770,22
5771,22
5772,26
5773,14
5774,22
5775,21
5776,23
5777,26
5778,25
5779,29
5780,26
5781,22
5782,19
5783,28
5784,25
5785,32
5786,27
5787,28
5788,27
5789,23
5790,23
5791,21
5792,24
5793,17
5794,18
5795,20
5796,19
5797,25
5798,12
5799,19
5800,16
5801,24
5802,28
5803,27
5804,25
5805,27
5806,25
5807,21
5808,18
5809,20
5810,22
5811,15
5812,19
5813,24
5814,29
5815,21
5816,13
5817,26
5818,22
5819,21
5820,21
5821,28
5822,22
5823,18
5824,29
5825,20
5826,11
5827,22
5828,22
5829,20
5830,25
5831,26
5832,20
5833,27
5834,22
5835,21
5836,26
5837,20
5838,22
5839,17
5840,19
5841,23
5842,21
5843,19
5844,15
5845,29
5846,31
5847,21
5848,28
5849,18
5850,33
5851,21
5852,25
5853,17
5854,29
5855,28
5856,22
5857,17
5858,33
5859,22
5860,18
5861,29
5862,25
5863,22
5864,13
5865,24
5866,30
5867,23
5868,21
5869,21
5870,29
5871,21
5872,25
5873,19
5874,26
5875,14
5876,31
5877,21
5878,23
5879,29
5880,27
5881,19
5882,19
5883,20
5884,18
5885,17
5886,31
5887,24
5888,17
5889,25
5890,25
5891,21
5892,21
5893,23
5894,18
5895,15
5896,25
5897,26
5898,20
5899,20
5900,16
5901,18
5902,31
5903,22
5904,17
5905,23
5906,14
5907,17
5908,22
5909,29
5910,23
5911,25
5912,23
5913,20
5914,20
5915,20
5916,14
5917,19
5918,22
5919,19
5920,24
5921,23
5922,18
5923,19
5924,16
5925,13
5926,24
5927,28
5928,31
5929,24
5930,24
5931,36
5932,21
5933,19
5934,24
5935,18
5936,30
5937,20
5938,11
5939,26
5940,24
5941,21
5942,11
5943,17
5944,21
5945,14
5946,22
5947,31
5948,27
5949,17
5950,30
5951,16
5952,22
5953,24
5954,22
5955,20
5956,20
5957,19
5958,21
5959,17
5960,27
5961,16
5962,23
5963,20
5964,20
5965,27
5966,23
5967,22
5968,21
5969,24
5970,21
5971,22
5972,24
5973,32
5974,18
5975,25
5976,28
5977,17
5978,25
5979,20
5980,19
5981,23
5982,21
5983,22
5984,19
5985,20
5986,16
5987,22
5988,17
5989,25
5990,27
5991,26
5992,26
5993,20
5994,18
5995,18
5996,20
5997,12
5998,23
5999,23
6000,14
6001,19
6002,21
6003,18
6004,15
6005,28
6006,20
6007,19
6008,16
6009,21
6010,22
6011,18
6012,28
6013,14
6014,11
6015,19
6016,29
6017,19
6018,30
6019,19
6020,18
6021,15
6022,27
6023,13
6024,23
6025,20
6026,25
6027,28
6028,15
6029,26
6030,17
6031,32
6032,20
6033,14
6034,24
6035,23
6036,32
6037,25
6038,12
6039,23
6040,18
6041,21
6042,31
6043,19
6044,14
6045,20
6046,20
6047,26
6048,20
6049,26
6050,21
6051,23
6052,22
6053,24
6054,16
6055,13
6056,29
6057,27
6058,20
6059,14
6060,16
6061,18
6062,23
6063,10
6064,12
6065,23
6066,17
6067,21
6068,17
6069,10
6070,21
6071,15
6072,26
6073,16
6074,13
6075,19
6076,78
6077,51
6078,24
6079,21
6080,26
6081,20
6082,20
6083,19
6084,12
6085,21
6086,18
6087,21
6088,24
6089,28
6090,26
6091,12
6092,21
6093,21
6094,26
6095,29
6096,18
6097,13
6098,14
6099,24
6100,17
6101,28
6102,24
6103,28
6104,28
6105,25
6106,17
6107,23
6108,29
6109,21
6110,30
6111,25
6112,23
6113,23
6114,14
6115,31
6116,16
6117,22
6118,16
6119,20
6120,18
6121,26
6122,27
6123,15
6124,19
6125,25
6126,15
6127,13
6128,18
6129,26
6130,22
6131,17
6132,17
6133,21
6134,29
6135,15
6136,15
6137,19
6138,22
6139,21
6140,12
6141,24
6142,17
6143,22
6144,17
6145,18
6146,15
6147,15
6148,14
6149,29
6150,21
6151,19
6152,23
6153,21
6154,23
6155,11
6156,17
6157,17
6158,14
6159,26
6160,15
6161,27
6162,22
6163,33
6164,17
6165,17
6166,19
6167,27
6168,18
6169,21
6170,21
6171,28
6172,15
6173,16
6174,16
6175,23
6176,25
6177,27
6178,19
6179,16
6180,17
6181,28
6182,22
6183,15
6184,12
6185,22
6186,21
6187,21
6188,26
6189,19
6190,15
6191,18
6192,28
6193,7
6194,18
6195,15
6196,23
6197,17
6198,18
6199,18
6200,16
6201,16
6202,23
6203,14
6204,16
6205,22
6206,17
6207,20
6208,16
6209,13
6210,21
6211,23
6212,14
6213,16
6214,21
6215,24
6216,20
6217,18
6218,15
6219,28
6220,20
6221,8
6222,16
6223,19
6224,22
6225,13
6226,15
6227,19
6228,21
6229,20
6230,27
6231,17
6232,13
6233,18
6234,24
6235,17
6236,25
6237,30
6238,12
6239,17
6240,17
6241,23
6242,17
6243,15
6244,16
6245,14
6246,17
6247,14
6248,21
6249,11
6250,16
6251,23
6252,20
6253,18
6254,20
6255,14
6256,18
6257,15
6258,18
6259,19
6260,25
6261,25
6262,14
6263,25
6264,25
6265,18
6266,23
6267,21
6268,16
6269,22
6270,18
6271,22
6272,20
6273,14
6274,9
6275,23
6276,13
6277,20
6278,12
6279,16
6280,12
6281,14
6282,23
6283,21
6284,22
6285,16
6286,9
6287,22
6288,14
6289,20
6290,20
6291,15
6292,17
6293,13
6294,15
6295,20
6296,17
6297,17
6298,28
6299,28
6300,22
6301,16
6302,20
6303,16
6304,15
6305,18
6306,21
6307,15
6308,17
6309,15
6310,14
6311,18
6312,14
6313,18
6314,20
6315,27
6316,15
6317,20
6318,12
6319,14
6320,21
6321,13
6322,24
6323,26
6324,10
6325,27
6326,17
6327,18
6328,22
6329,25
6330,24
6331,14
6332,12
6333,17
6334,22
6335,17
6336,27
6337,21
6338,15
6339,14
6340,18
6341,14
6342,15
6343,13
6344,26
6345,18
6346,17
6347,16
6348,18
6349,22
6350,16
6351,15
6352,24
6353,24
6354,12
6355,20
6356,17
6357,15
6358,14
6359,13
6360,13
6361,11
6362,13
6363,21
6364,13
6365,25
6366,18
6367,18
6368,19
6369,28
6370,16
6371,17
6372,22
6373,27
6374,18
6375,14
6376,15
6377,23
6378,20
6379,18
6380,18
6381,13
6382,13
6383,16
6384,22
6385,22
6386,23
6387,22
6388,17
6389,20
6390,21
6391,17
6392,17
6393,13
6394,18
6395,9
6396,17
6397,16
6398,20
6399,22
6400,18
6401,16
6402,14
6403,11
6404,18
6405,14
6406,24
6407,12
6408,22
6409,8
6410,16
6411,16
6412,18
6413,19
6414,14
6415,18
6416,13
6417,13
6418,20
6419,14
6420,18
6421,17
6422,15
6423,14
6424,18
6425,13
6426,22
6427,14
6428,21
6429,19
6430,25
6431,18
6432,17
6433,18
6434,15
6435,15
6436,17
6437,13
6438,14
6439,27
6440,22
6441,25
6442,13
6443,14
6444,15
6445,19
6446,23
6447,13
6448,18
6449,14
6450,18
6451,17
6452,15
6453,26
6454,16
6455,14
6456,23
6457,21
6458,14
6459,8
6460,17
6461,18
6462,16
6463,14
6464,12
6465,12
6466,21
6467,27
6468,19
6469,18
6470,20
6471,14
6472,22
6473,19
6474,16
6475,18
6476,21
6477,16
6478,26
6479,28
6480,24
6481,25
6482,14
6483,19
6484,20
6485,14
6486,16
6487,16
6488,18
6489,18
6490,15
6491,27
6492,16
6493,26
6494,13
6495,21
6496,19
6497,16
6498,18
6499,23
6500,10
6501,21
6502,11
6503,13
6504,11
6505,21
6506,14
6507,13
6508,16
6509,23
6510,18
6511,18
6512,18
6513,15
6514,22
6515,19
6516,6
6517,12
6518,11
6519,13
6520,15
6521,16
6522,18
6523,17
6524,13
6525,9
6526,17
6527,23
6528,14
6529,10
6530,15
6531,14
6532,20
6533,11
6534,13
6535,19
6536,14
6537,21
6538,12
6539,18
6540,19
6541,8
6542,14
6543,18
6544,18
6545,14
6546,23
6547,15
6548,12
6549,14
6550,9
6551,21
6552,17
6553,22
6554,17
6555,17
6556,12
6557,15
6558,16
6559,5
6560,14
6561,11
6562,16
6563,13
6564,19
6565,15
6566,14
6567,12
6568,21
6569,9
6570,14
6571,17
6572,14
6573,14
6574,22
6575,14
6576,15
6577,12
6578,4
6579,19
6580,15
6581,17
6582,15
6583,14
6584,21
6585,20
6586,17
6587,21
6588,13
6589,14
6590,7
6591,18
6592,15
6593,12
6594,14
6595,14
6596,23
6597,14
6598,9
6599,22
6600,18
6601,11
6602,10
6603,13
6604,14
6605,21
6606,13
6607,15
6608,17
6609,19
6610,19
6611,27
6612,15
6613,14
6614,14
6615,17
6616,18
6617,16
6618,16
6619,5
6620,7
6621,17
6622,21
6623,23
6624,24
6625,14
6626,12
6627,10
6628,16
6629,20
6630,20
6631,14
6632,24
6633,19
6634,14
6635,14
6636,20
6637,16
6638,23
6639,19
6640,14
6641,12
6642,15
6643,18
6644,16
6645,8
6646,16
6647,18
6648,18
6649,13
6650,23
6651,14
6652,14
6653,16
6654,11
6655,12
6656,21
6657,18
6658,21
6659,17
6660,20
6661,12
6662,22
6663,19
6664,13
6665,14
6666,14
6667,16
6668,20
6669,18
6670,13
6671,17
6672,21
6673,18
6674,11
6675,15
6676,14
6677,10
6678,11
6679,10
6680,17
6681,17
6682,21
6683,14
6684,14
6685,16
6686,16
6687,17
6688,15
6689,16
6690,18
6691,12
6692,15
6693,9
6694,13
6695,20
6696,13
6697,20
6698,12
6699,22
6700,18
6701,14
6702,17
6703,9
6704,14
6705,14
6706,16
6707,13
6708,14
6709,18
6710,20
6711,12
6712,14
6713,19
6714,9
6715,17
6716,11
6717,16
6718,16
6719,22
6720,17
6721,13
6722,11
6723,21
6724,15
6725,14
6726,14
6727,13
6728,11
6729,8
6730,14
6731,16
6732,18
6733,12
6734,12
6735,12
6736,21
6737,13
6738,14
6739,15
6740,22
6741,12
6742,15
6743,18
6744,13
6745,12
6746,14
6747,13
6748,18
6749,13
6750,14
6751,18
6752,18
6753,13
6754,17
6755,22
6756,14
6757,11
6758,12
6759,12
6760,22
6761,19
6762,24
6763,11
6764,21
6765,13
6766,21
6767,14
6768,12
6769,12
6770,13
6771,10
6772,16
6773,10
6774,19
6775,12
6776,13
6777,15
6778,9
6779,15
6780,15
6781,9
6782,13
6783,17
6784,19
6785,17
6786,18
6787,20
6788,18
6789,12
6790,5
6791,15
6792,11
6793,17
6794,10
6795,17
6796,11
6797,15
6798,20
6799,9
6800,13
6801,15
6802,8
6803,28
6804,17
6805,9
6806,14
6807,23
6808,20
6809,14
6810,16
6811,12
6812,9
6813,16
6814,18
6815,24
6816,18
6817,12
6818,9
6819,22
6820,13
6821,18
6822,24
6823,15
6824,22
6825,16
6826,13
6827,20
6828,16
6829,8
6830,17
6831,20
6832,8
6833,17
6834,18
6835,13
6836,16
6837,28
6838,16
6839,10
6840,16
6841,19
6842,12
6843,15
6844,16
6845,17
6846,9
6847,18
6848,21
6849,17
6850,6
6851,11
6852,21
6853,12
6854,18
6855,8
6856,14
6857,16
6858,17
6859,10
6860,8
6861,21
6862,17
6863,18
6864,10
6865,9
6866,14
6867,13
6868,13
6869,9
6870,12
6871,10
6872,13
6873,8
6874,13
6875,18
6876,17
6877,12
6878,14
6879,18
6880,15
6881,12
6882,18
6883,14
6884,13
6885,17
6886,15
6887,17
6888,15
6889,17
6890,12
6891,10
6892,13
6893,5
6894,14
6895,11
6896,7
6897,21
6898,15
6899,15
6900,19
6901,22
6902,11
6903,15
6904,21
6905,21
6906,15
6907,13
6908,12
6909,13
6910,19
6911,24
6912,24
6913,20
6914,13
6915,7
6916,13
6917,14
6918,17
6919,13
6920,15
6921,17
6922,15
6923,17
6924,9
6925,15
6926,20
6927,11
6928,18
6929,16
6930,13
6931,12
6932,8
6933,12
6934,12
6935,12
6936,12
6937,4
6938,14
6939,4
6940,11
6941,16
6942,13
6943,20
6944,15
6945,12
6946,13
6947,21
6948,11
6949,18
6950,15
6951,13
6952,18
6953,26
6954,15
6955,11
6956,18
6957,13
6958,9
6959,13
6960,16
6961,10
6962,13
6963,11
6964,13
6965,19
6966,11
6967,5
6968,12
6969,12
6970,25
6971,14
6972,10
6973,11
6974,7
6975,16
6976,9
6977,9
6978,12
6979,19
6980,9
6981,16
6982,17
6983,11
6984,10
6985,15
6986,13
6987,8
6988,21
6989,27
6990,19
6991,12
6992,13
6993,18
6994,15
6995,17
6996,21
6997,11
6998,12
6999,18
7000,17
7001,16
7002,12
7003,11
7004,15
7005,14
7006,11
7007,10
7008,8
7009,5
7010,18
7011,12
7012,21
7013,14
7014,9
7015,10
7016,18
7017,21
7018,12
7019,20
7020,26
7021,15
7022,17
7023,15
7024,7
7025,13
7026,8
7027,18
7028,7
7029,20
7030,21
7031,13
7032,11
7033,9
7034,17
7035,11
7036,9
7037,17
7038,14
7039,9
7040,12
7041,4
7042,10
7043,14
7044,8
7045,8
7046,15
7047,14
7048,10
7049,16
7050,9
7051,14
7052,9
7053,24
7054,11
7055,14
7056,9
7057,17
7058,15
7059,19
7060,10
7061,13
7062,24
7063,7
7064,14
7065,13
7066,11
7067,14
7068,13
7069,10
7070,17
7071,13
7072,16
7073,13
7074,13
7075,11
7076,14
7077,10
7078,13
7079,20
7080,10
7081,10
7082,12
7083,12
7084,14
7085,13
7086,11
7087,17
7088,15
7089,10
7090,13
7091,16
7092,13
7093,9
7094,10
7095,17
7096,14
7097,17
7098,6
7099,12
7100,13
7101,9
7102,8
7103,12
7104,15
7105,17
7106,20
7107,12
7108,23
7109,17
7110,15
7111,11
7112,11
7113,21
7114,8
7115,12
7116,7
7117,14
7118,12
7119,16
7120,11
7121,6
7122,15
7123,15
7124,12
7125,17
7126,13
7127,19
7128,12
7129,10
7130,16
7131,20
7132,10
7133,12
7134,17
7135,7
7136,14
7137,9
7138,17
7139,19
7140,19
7141,7
7142,16
7143,12
7144,16
7145,8
7146,10
7147,9
7148,13
7149,22
7150,16
7151,12
7152,22
7153,11
7154,9
7155,17
7156,14
7157,12
7158,14
7159,15
7160,17
7161,15
7162,14
7163,18
7164,17
7165,11
7166,15
7167,17
7168,19
7169,20
7170,15
7171,11
7172,19
7173,26
7174,14
7175,14
7176,12
7177,14
7178,21
7179,8
7180,18
7181,18
7182,16
7183,10
7184,15
7185,13
7186,16
7187,14
7188,12
7189,15
7190,15
7191,24
7192,17
7193,13
7194,12
7195,17
7196,10
7197,10
7198,12
7199,16
7200,15
7201,11
7202,14
7203,14
7204,10
7205,19
7206,13
7207,17
7208,18
7209,12
7210,14
7211,11
7212,15
7213,14
7214,14
7215,18
7216,12
7217,12
7218,15
7219,17
7220,16
7221,14
7222,15
7223,15
7224,17
7225,14
7226,10
7227,27
7228,9
7229,12
7230,13
7231,7
7232,19
7233,13
7234,14
7235,15
7236,13
7237,6
7238,6
7239,16
7240,21
7241,18
7242,10
7243,20
7244,14
7245,11
7246,7
7247,14
7248,19
7249,13
7250,16
7251,16
7252,14
7253,12
7254,17
7255,10
7256,11
7257,14
7258,18
7259,20
7260,15
7261,9
7262,13
7263,12
7264,19
7265,4
7266,8
7267,13
7268,16
7269,14
7270,11
7271,17
7272,14
7273,21
7274,8
7275,17
7276,14
7277,10
7278,12
7279,6
7280,12
7281,9
7282,16
7283,15
7284,13
7285,11
7286,12
7287,5
7288,10
7289,16
7290,12
7291,10
7292,15
7293,10
7294,7
7295,10
7296,13
7297,7
7298,12
7299,20
7300,13
7301,14
7302,13
7303,13
7304,14
7305,11
7306,18
7307,14
7308,15
7309,9
7310,12
7311,15
7312,9
7313,12
7314,12
7315,12
7316,17
7317,15
7318,19
7319,13
7320,12
7321,9
7322,17
7323,9
7324,12
7325,14
7326,18
7327,13
7328,15
7329,11
7330,14
7331,14
7332,11
7333,13
7334,6
7335,14
7336,12
7337,11
7338,19
7339,16
7340,14
7341,18
7342,19
7343,11
7344,15
7345,11
7346,19
7347,11
7348,21
7349,14
7350,23
7351,15
7352,16
7353,10
7354,11
7355,14
7356,19
7357,12
7358,17
7359,26
7360,14
7361,9
7362,8
7363,8
7364,6
7365,15
7366,13
7367,17
7368,13
7369,13
7370,17
7371,13
7372,13
7373,13
7374,16
7375,7
7376,15
7377,10
7378,9
7379,15
7380,23
7381,15
7382,17
7383,17
7384,12
7385,16
7386,7
7387,13
7388,16
7389,13
7390,11
7391,20
7392,20
7393,11
7394,21
7395,14
7396,20
7397,7
7398,19
7399,20
7400,19
7401,13
7402,18
7403,19
7404,17
7405,7
7406,10
7407,13
7408,17
7409,13
7410,15
7411,16
7412,15
7413,16
7414,8
7415,7
7416,18
7417,10
7418,6
7419,9
7420,8
7421,14
7422,17
7423,17
7424,6
7425,9
7426,18
7427,15
7428,14
7429,21
7430,14
7431,16
7432,15
7433,11
7434,13
7435,12
7436,15
7437,9
7438,14
7439,14
7440,11
7441,16
7442,11
7443,11
7444,10
7445,11
7446,16
7447,12
7448,12
7449,17
7450,13
7451,15
7452,18
7453,12
7454,23
7455,12
7456,7
7457,20
7458,11
7459,14
7460,20
7461,24
7462,11
7463,11
7464,13
7465,15
7466,8
7467,9
7468,6
7469,15
7470,9
7471,13
7472,13
7473,14
7474,14
7475,16
7476,11
7477,10
7478,18
7479,15
7480,17
7481,22
7482,12
7483,19
7484,16
7485,10
7486,10
7487,25
7488,19
7489,11
7490,14
7491,13
7492,13
7493,11
7494,21
7495,16
7496,16
7497,15
7498,13
7499,20
7500,12
7501,12
7502,14
7503,13
7504,14
7505,8
7506,15
7507,12
7508,15
7509,13
7510,12
7511,15
7512,9
7513,15
7514,10
7515,12
7516,12
7517,12
7518,14
7519,9
7520,11
7521,10
7522,18
7523,12
7524,10
7525,8
7526,12
7527,18
7528,14
7529,17
7530,11
7531,15
7532,13
7533,12
7534,13
7535,21
7536,17
7537,21
7538,19
7539,23
7540,15
7541,14
7542,7
7543,15
7544,14
7545,15
7546,18
7547,16
7548,16
7549,11
7550,17
7551,9
7552,19
7553,19
7554,14
7555,13
7556,11
7557,10
7558,13
7559,19
7560,18
7561,9
7562,15
7563,12
7564,13
7565,9
7566,22
7567,15
7568,12
7569,14
7570,19
7571,13
7572,15
7573,8
7574,19
7575,9
7576,13
7577,15
7578,11
7579,15
7580,17
7581,11
7582,15
7583,12
7584,16
7585,10
7586,9
7587,17
7588,10
7589,18
7590,18
7591,14
7592,13
7593,9
7594,18
7595,13
7596,18
7597,14
7598,16
7599,15
7600,13
7601,11
7602,14
7603,17
7604,12
7605,17
7606,14
7607,14
7608,8
7609,19
7610,17
7611,12
7612,10
7613,15
7614,18
7615,7
7616,14
7617,16
7618,20
7619,19
7620,16
7621,15
7622,18
7623,9
7624,14
7625,15
7626,14
7627,14
7628,7
7629,63
7630,19
7631,13
7632,15
7633,15
7634,16
7635,20
7636,15
7637,18
7638,17
7639,20
7640,13
7641,12
7642,19
7643,17
7644,22
7645,6
7646,23
7647,10
7648,15
7649,14
7650,27
7651,18
7652,7
7653,13
7654,16
7655,23
7656,20
7657,13
7658,16
7659,15
7660,23
7661,17
7662,13
7663,16
7664,23
7665,19
7666,23
7667,15
7668,13
7669,20
7670,22
7671,18
7672,18
7673,11
7674,17
7675,17
7676,8
7677,19
7678,16
7679,28
7680,14
7681,16
7682,9
7683,18
7684,16
7685,18
7686,21
7687,21
7688,19
7689,16
7690,15
7691,26
7692,10
7693,13
7694,21
7695,20
7696,17
7697,17
7698,16
7699,22
7700,15
7701,27
7702,18
7703,18
7704,17
7705,14
7706,17
7707,20
7708,14
7709,26
7710,17
7711,18
7712,17
7713,20
7714,19
7715,20
7716,15
7717,10
7718,16
7719,21
7720,18
7721,22
7722,15
7723,16
7724,17
7725,18
7726,25
7727,19
7728,21
7729,24
7730,21
7731,19
7732,16
7733,22
7734,26
7735,21
7736,17
7737,11
7738,20
7739,23
7740,19
7741,23
7742,17
7743,27
7744,20
7745,17
7746,17
7747,17
7748,21
7749,23
7750,18
7751,19
7752,23
7753,21
7754,18
7755,28
7756,23
7757,24
7758,17
7759,29
7760,20
7761,17
7762,12
7763,22
7764,16
7765,26
7766,22
7767,18
7768,15
7769,23
7770,17
7771,22
7772,20
7773,23
7774,13
7775,25
7776,24
7777,22
7778,22
7779,19
7780,16
7781,14
7782,24
7783,18
7784,25
7785,24
7786,23
7787,19
7788,23
7789,20
7790,22
7791,25
7792,14
7793,24
7794,23
7795,15
7796,17
7797,27
7798,21
7799,21
7800,29
7801,25
7802,16
7803,28
7804,31
7805,27
7806,23
7807,20
7808,23
7809,24
7810,20
7811,23
7812,21
7813,22
7814,33
7815,29
7816,25
7817,26
7818,13
7819,24
7820,31
7821,18
7822,27
7823,23
7824,26
7825,31
7826,22
7827,27
7828,30
7829,23
7830,23
7831,26
7832,24
7833,22
7834,21
7835,24
7836,27
7837,24
7838,20
7839,37
7840,26
7841,26
7842,26
7843,26
7844,34
7845,19
7846,23
7847,21
7848,23
7849,27
7850,29
7851,27
7852,41
7853,37
7854,34
7855,25
7856,34
7857,31
7858,34
7859,35
7860,28
7861,26
7862,35
7863,28
7864,28
7865,30
7866,25
7867,30
7868,31
7869,35
7870,28
7871,38
7872,41
7873,28
7874,32
7875,35
7876,21
7877,27
7878,35
7879,27
7880,21
7881,35
7882,26
7883,27
7884,37
7885,32
7886,39
7887,36
7888,38
7889,35
7890,31
7891,41
7892,34
7893,34
7894,31
7895,39
7896,33
7897,31
7898,38
7899,39
7900,32
7901,27
7902,28
7903,35
7904,42
7905,35
7906,38
7907,40
7908,34
7909,44
7910,43
7911,30
7912,47
7913,32
7914,36
7915,44
7916,36
7917,46
7918,51
7919,68
7920,47
7921,40
7922,43
7923,49
7924,52
7925,35
7926,42
7927,58
7928,39
7929,42
7930,42
7931,47
7932,57
7933,51
7934,53
7935,63
7936,54
7937,48
7938,60
7939,52
7940,57
7941,44
7942,64
7943,56
7944,42
7945,55
7946,69
7947,49
7948,55
7949,65
7950,67
7951,61
7952,59
7953,54
7954,71
7955,77
7956,61
7957,66
7958,65
7959,66
7960,74
7961,78
7962,69
7963,72
7964,75
7965,79
7966,87
7967,87
7968,74
7969,73
7970,82
7971,75
7972,78
7973,74
7974,134
7975,98
7976,101
7977,94
7978,88
7979,125
7980,117
7981,99
7982,109
7983,130
7984,123
7985,169
7986,125
7987,132
7988,140
7989,195
7990,178
7991,228
7992,201
7993,216
7994,276
7995,265
7996,341
7997,462
7998,511
7999,1263
8000,4419
8001,2
8002,5
8003,13
8004,14
8005,2
8006,12
8007,2
8008,1
8010,2
8011,2
8012,4
8013,2
8014,1
8016,1
8017,1
8022,1
8023,1
8024,1
8027,1
8031,1
8038,3
8044,1
8054,1
8061,1
8102,2
8123,1
8143,1
8155,1
8193,1
8277,1
8358,1
8362,1
8397,1
8487,1
8517,1
8522,1
8661,1
8755,1
8764,1
8767,1
9053,1
9229,1
9545,1
11108,1
11202,1
12001,1
15000,1
15986,1
29205,1
39904,1
40000,1
40049,1
45000,1
50000,1
51168,1
70370,1
72617,1
74608,1
87584,1
93912,1
95988,1
120000,1
145219,1
148230,1
150000,89
151174,1
200000,1
262144,5
300000,5
334956,1
447528,1
450000,1
468612,1
524325,1
737351,1
839999,1
1405068,1
1496880,1
1500000,1
2202129,1
2580978,1
2675399,1
3824519,1
4539599,1
4787750,1
4788789,1
4971225,1
6884999,1
7573499,14
7573513,1
8950499,1
9638999,2
9639004,1
9801289,1
