1,122450
2,177366
3,230764
4,318875
5,247744
6,196548
7,186853
8,206788
9,214390
10,202831
11,195030
12,189216
13,192369
14,182685
15,178022
16,171257
17,162877
18,155327
19,151073
20,145511
21,140276
22,133857
23,131199
24,128788
25,123008
26,119154
27,115529
28,112727
29,109469
30,106413
31,103031
32,100214
33,97427
34,94713
35,92599
36,89703
37,88027
38,86231
39,84287
40,82536
41,80836
42,78883
43,78290
44,76273
45,74646
46,74155
47,73113
48,70707
49,69024
50,67769
51,66769
52,65497
53,64320
54,63208
55,62833
56,60427
57,59659
58,58871
59,57843
60,56593
61,55361
62,54691
63,54072
64,53183
65,52797
66,51710
67,50848
68,50058
69,49199
70,48876
71,48079
72,47411
73,46596
74,46153
75,45619
76,44741
77,44938
78,43829
79,43297
80,42908
81,42263
82,41561
83,41323
84,40577
85,40220
86,39559
87,39417
88,38899
89,38591
90,38217
91,37535
92,37054
93,36642
94,36621
95,35834
96,35578
97,35344
98,34760
99,34235
100,33816
101,33541
102,33509
103,32852
104,32165
105,32351
106,32167
107,31798
108,30942
109,30576
110,30817
111,30546
112,29819
113,29442
114,29632
115,29141
116,28503
117,28438
118,28130
119,28104
120,27354
121,27404
122,27263
123,26840
124,26956
125,26307
126,26025
127,25694
128,25588
129,25491
130,25471
131,25158
132,24673
133,24416
134,24157
135,23960
136,23945
137,23683
138,23786
139,23592
140,23650
141,23106
142,22815
143,22669
144,22747
145,22510
146,22275
147,22169
148,21493
149,21312
150,21309
151,21783
152,21087
153,21277
154,21029
155,20793
156,20557
157,20486
158,20242
159,20452
160,20296
161,19850
162,19796
163,19998
164,19640
165,19764
166,19546
167,19124
168,18961
169,19145
170,18816
171,18588
172,18680
173,18354
174,18052
175,18158
176,18027
177,17852
178,17928
179,17973
180,17703
181,17262
182,17141
183,17099
184,17104
185,17103
186,16978
187,16685
188,16828
189,16765
190,16336
191,16618
192,16280
193,16089
194,15983
195,15992
196,16887
197,16016
198,16116
199,16229
200,16397
201,15411
202,15409
203,15291
204,15389
205,15216
206,15049
207,15124
208,15765
209,14847
210,14667
211,14770
212,14487
213,14544
214,14568
215,14397
216,14750
217,14520
218,14398
219,14194
220,14451
221,14184
222,13789
223,13708
224,13812
225,13685
226,13390
227,13483
228,13234
229,13296
230,13074
231,13015
232,13017
233,12863
234,12493
235,12710
236,12900
237,12491
238,12479
239,12479
240,12452
241,12512
242,12352
243,12176
244,12195
245,12099
246,12228
247,12013
248,11853
249,11708
250,11652
251,11671
252,11626
253,11470
254,11333
255,11491
256,11237
257,11144
258,11306
259,11337
260,11291
261,11404
262,10981
263,10894
264,10981
265,11067
266,10866
267,10752
268,10689
269,10635
270,10662
271,11169
272,10784
273,10601
274,10267
275,10460
276,10215
277,10388
278,10155
279,10512
280,10163
281,10163
282,9987
283,10113
284,9862
285,10010
286,9683
287,9968
288,9834
289,9714
290,9748
291,9699
292,9620
293,9682
294,9522
295,9350
296,9406
297,9405
298,9427
299,9465
300,9414
301,9003
302,9055
303,9106
304,9317
305,9299
306,10457
307,9348
308,9214
309,9123
310,8999
311,9299
312,9286
313,9257
314,9045
315,8950
316,8999
317,8774
318,9089
319,9076
320,8938
321,8644
322,8969
323,8738
324,8737
325,8447
326,8385
327,8296
328,8324
329,8339
330,8318
331,8097
332,8212
333,8182
334,8122
335,8154
336,8154
337,8299
338,7910
339,7978
340,7758
341,7945
342,7734
343,7712
344,7546
345,7736
346,7624
347,7844
348,7742
349,7673
350,7436
351,7477
352,7545
353,7329
354,7626
355,7608
356,7338
357,7356
358,7305
359,7105
360,7150
361,7096
362,7292
363,7140
364,6978
365,7116
366,6914
367,7003
368,6988
369,6909
370,6940
371,6892
372,6843
373,6699
374,6768
375,6793
376,6693
377,6578
378,6780
379,6627
380,6626
381,6515
382,6470
383,6457
384,6535
385,6516
386,6417
387,6598
388,6376
389,6349
390,6288
391,6132
392,6265
393,6387
394,6486
395,6167
396,6293
397,5947
398,6244
399,6095
400,6117
401,6096
402,6056
403,5923
404,5845
405,5912
406,5941
407,5886
408,5797
409,6040
410,5929
411,5923
412,5561
413,5808
414,5834
415,5692
416,5669
417,5576
418,5774
419,5761
420,5668
421,5584
422,5548
423,5590
424,5577
425,5463
426,5679
427,5389
428,5425
429,5658
430,5380
431,5467
432,5438
433,5479
434,5248
435,5382
436,5267
437,5295
438,5424
439,5214
440,5120
441,5232
442,5214
443,5061
444,5274
445,5139
446,5005
447,5057
448,5254
449,5022
450,5077
451,4944
452,4873
453,4998
454,5028
455,4975
456,5143
457,4885
458,5000
459,4920
460,4745
461,4846
462,4914
463,4832
464,5122
465,4885
466,4753
467,4854
468,4748
469,4678
470,4638
471,4624
472,4742
473,4601
474,4665
475,4725
476,4447
477,4515
478,4485
479,4482
480,4623
481,4558
482,4586
483,4594
484,4468
485,4312
486,4447
487,4449
488,4384
489,4534
490,4456
491,4277
492,4350
493,4253
494,4346
495,4347
496,4357
497,4281
498,4104
499,4289
500,4291
501,4186
502,4177
503,4093
504,4288
505,4168
506,4437
507,4149
508,4183
509,4007
510,4129
511,4070
512,4124
513,4045
514,4029
515,4071
516,4081
517,4115
518,4110
519,4013
520,3986
521,4057
522,4058
523,3863
524,3969
525,3932
526,3950
527,3996
528,3804
529,3869
530,3817
531,3866
532,3834
533,3773
534,3657
535,3713
536,3687
537,3757
538,3593
539,3788
540,3684
541,3687
542,3855
543,3727
544,3560
545,3645
546,3624
547,3555
548,3667
549,3681
550,3579
551,3564
552,3558
553,3682
554,3532
555,3477
556,3471
557,3494
558,3457
559,3448
560,3405
561,3543
562,3461
563,3470
564,3375
565,3478
566,3493
567,3398
568,3354
569,3421
570,3426
571,3316
572,3227
573,3368
574,3297
575,3145
576,3306
577,3281
578,3242
579,3179
580,3249
581,3218
582,3241
583,3120
584,3191
585,3273
586,3127
587,3094
588,3165
589,3246
590,3141
591,3141
592,3157
593,3236
594,3137
595,3170
596,3096
597,3043
598,3019
599,3007
600,3127
601,3083
602,3076
603,3052
604,3018
605,2892
606,3010
607,2983
608,2997
609,3026
610,2913
611,3006
612,2886
613,2953
614,2974
615,2964
616,2887
617,2848
618,2983
619,2931
620,2865
621,2998
622,2762
623,2876
624,2839
625,2844
626,2814
627,2896
628,2862
629,2857
630,2939
631,2813
632,2698
633,2806
634,2811
635,2821
636,2723
637,2687
638,2801
639,2797
640,2689
641,2730
642,2715
643,3028
644,2776
645,2702
646,2631
647,2668
648,2639
649,2802
650,2632
651,2673
652,2619
653,2636
654,2610
655,2620
656,2679
657,2575
658,2522
659,2596
660,2625
661,2608
662,2528
663,2528
664,2440
665,2552
666,2486
667,2576
668,2461
669,2434
670,2437
671,2432
672,2491
673,2508
674,2457
675,2552
676,2489
677,2473
678,2392
679,2339
680,2396
681,2352
682,2484
683,2388
684,2434
685,2378
686,2291
687,2324
688,2392
689,2317
690,2322
691,2374
692,2330
693,2278
694,2405
695,2340
696,2289
697,2297
698,2290
699,2211
700,2180
701,2211
702,2153
703,2316
704,2373
705,2286
706,2269
707,2199
708,2199
709,2185
710,2115
711,2181
712,2301
713,2234
714,2194
715,2137
716,2105
717,2226
718,2127
719,2108
720,2157
721,2122
722,2135
723,2100
724,2202
725,2177
726,2127
727,2037
728,2158
729,2109
730,2161
731,2093
732,2102
733,2075
734,2063
735,2076
736,2157
737,2043
738,2065
739,1994
740,2003
741,2150
742,2045
743,2021
744,1985
745,2084
746,2000
747,2002
748,1988
749,1919
750,1988
751,1947
752,1991
753,2040
754,1958
755,1971
756,1883
757,1923
758,1878
759,1869
760,1864
761,1886
762,1949
763,1931
764,1963
765,1962
766,1871
767,1866
768,1857
769,1939
770,1839
771,1891
772,1916
773,1948
774,1909
775,1941
776,1995
777,1888
778,1847
779,1800
780,1937
781,1838
782,1797
783,1863
784,1771
785,1801
786,1802
787,1804
788,1843
789,1757
790,1826
791,1768
792,1748
793,1742
794,1824
795,1792
796,1885
797,1801
798,1788
799,1774
800,1785
801,1791
802,1708
803,1728
804,1676
805,1702
806,1668
807,1700
808,1662
809,1750
810,1616
811,1730
812,1687
813,1698
814,1580
815,1706
816,1700
817,1643
818,1602
819,1759
820,1719
821,1612
822,1667
823,1611
824,1636
825,1663
826,1608
827,1575
828,1606
829,1747
830,1715
831,1644
832,1585
833,1630
834,1621
835,1667
836,1645
837,1514
838,1646
839,1569
840,1564
841,1650
842,1557
843,1560
844,1578
845,1611
846,1571
847,1540
848,1518
849,1499
850,1501
851,1463
852,1473
853,1506
854,1543
855,1556
856,1567
857,1519
858,1473
859,1505
860,1497
861,1573
862,1541
863,1499
864,1572
865,1542
866,1502
867,1469
868,1433
869,1505
870,1474
871,1460
872,1559
873,1520
874,1475
875,1474
876,1512
877,1393
878,1525
879,1433
880,1469
881,1451
882,1432
883,1427
884,1449
885,1334
886,1360
887,1464
888,1355
889,1345
890,1378
891,1335
892,1458
893,1337
894,1355
895,1338
896,1407
897,1416
898,1390
899,1393
900,1397
901,1294
902,1366
903,1385
904,1370
905,1364
906,1403
907,1328
908,1310
909,1338
910,1281
911,1386
912,1317
913,1324
914,1366
915,1331
916,1306
917,1313
918,1340
919,1350
920,1330
921,1275
922,1292
923,1374
924,1262
925,1276
926,1239
927,1264
928,1281
929,1278
930,1219
931,1257
932,1287
933,1243
934,1234
935,1313
936,1183
937,1214
938,1217
939,1240
940,1206
941,1242
942,1251
943,1211
944,1210
945,1180
946,1238
947,1256
948,1219
949,1220
950,1163
951,1182
952,1253
953,1207
954,1260
955,1213
956,1192
957,1214
958,1221
959,1227
960,1204
961,1156
962,1220
963,1112
964,1190
965,1130
966,1137
967,1170
968,1205
969,1078
970,1133
971,1179
972,1120
973,1109
974,1164
975,1117
976,1104
977,1142
978,1157
979,1109
980,1109
981,1108
982,1096
983,1080
984,1093
985,1076
986,1116
987,1122
988,1091
989,1102
990,1110
991,1046
992,1130
993,1140
994,1105
995,1077
996,1118
997,1144
998,1134
999,1087
1000,1058
1001,1133
1002,1052
1003,1044
1004,1034
1005,1035
1006,1035
1007,1106
1008,988
1009,1013
1010,1013
1011,1027
1012,966
1013,1062
1014,1084
1015,1035
1016,1047
1017,1077
1018,1063
1019,1070
1020,979
1021,1034
1022,1033
1023,1050
1024,992
1025,970
1026,1002
1027,1057
1028,1057
1029,1027
1030,982
1031,971
1032,996
1033,986
1034,979
1035,1001
1036,984
1037,986
1038,956
1039,1007
1040,995
1041,969
1042,975
1043,991
1044,920
1045,960
1046,1022
1047,975
1048,1028
1049,955
1050,924
1051,978
1052,987
1053,999
1054,957
1055,973
1056,950
1057,942
1058,905
1059,926
1060,988
1061,927
1062,919
1063,942
1064,925
1065,952
1066,924
1067,896
1068,896
1069,874
1070,914
1071,918
1072,884
1073,874
1074,871
1075,935
1076,924
1077,885
1078,970
1079,975
1080,903
1081,903
1082,954
1083,855
1084,881
1085,926
1086,873
1087,858
1088,866
1089,829
1090,831
1091,816
1092,908
1093,852
1094,819
1095,811
1096,883
1097,838
1098,813
1099,860
1100,862
1101,853
1102,858
1103,877
1104,863
1105,848
1106,842
1107,855
1108,866
1109,818
1110,830
1111,794
1112,803
1113,820
1114,784
1115,859
1116,859
1117,855
1118,871
1119,822
1120,832
1121,839
1122,849
1123,806
1124,821
1125,825
1126,790
1127,743
1128,819
1129,765
1130,837
1131,782
1132,805
1133,801
1134,817
1135,812
1136,752
1137,757
1138,826
1139,808
1140,840
1141,762
1142,813
1143,802
1144,772
1145,819
1146,754
1147,780
1148,732
1149,787
1150,756
1151,941
1152,904
1153,800
1154,818
1155,774
1156,778
1157,749
1158,808
1159,777
1160,771
1161,711
1162,729
1163,749
1164,719
1165,759
1166,749
1167,765
1168,789
1169,740
1170,763
1171,748
1172,761
1173,747
1174,771
1175,770
1176,743
1177,740
1178,742
1179,762
1180,724
1181,774
1182,803
1183,748
1184,699
1185,753
1186,725
1187,692
1188,685
1189,695
1190,740
1191,749
1192,690
1193,692
1194,675
1195,714
1196,702
1197,743
1198,705
1199,694
1200,624
1201,698
1202,737
1203,703
1204,705
1205,716
1206,667
1207,681
1208,689
1209,668
1210,687
1211,769
1212,732
1213,662
1214,639
1215,640
1216,703
1217,651
1218,644
1219,657
1220,686
1221,653
1222,693
1223,713
1224,682
1225,679
1226,630
1227,615
1228,713
1229,676
1230,725
1231,829
1232,1052
1233,708
1234,703
1235,643
1236,651
1237,656
1238,634
1239,646
1240,640
1241,708
1242,649
1243,662
1244,610
1245,624
1246,668
1247,663
1248,642
1249,649
1250,605
1251,610
1252,660
1253,629
1254,684
1255,614
1256,620
1257,700
1258,606
1259,638
1260,621
1261,593
1262,609
1263,619
1264,614
1265,647
1266,613
1267,655
1268,628
1269,594
1270,628
1271,648
1272,565
1273,676
1274,661
1275,667
1276,574
1277,639
1278,598
1279,616
1280,604
1281,616
1282,552
1283,634
1284,641
1285,611
1286,601
1287,585
1288,545
1289,593
1290,555
1291,628
1292,638
1293,598
1294,615
1295,604
1296,612
1297,562
1298,561
1299,537
1300,596
1301,577
1302,586
1303,628
1304,584
1305,625
1306,568
1307,567
1308,605
1309,538
1310,589
1311,544
1312,514
1313,560
1314,595
1315,553
1316,581
1317,568
1318,566
1319,585
1320,529
1321,593
1322,561
1323,542
1324,577
1325,564
1326,519
1327,546
1328,537
1329,526
1330,541
1331,529
1332,517
1333,529
1334,506
1335,520
1336,498
1337,506
1338,544
1339,514
1340,545
1341,541
1342,552
1343,534
1344,546
1345,551
1346,536
1347,527
1348,553
1349,513
1350,505
1351,503
1352,510
1353,537
1354,546
1355,552
1356,522
1357,890
1358,652
1359,618
1360,580
1361,577
1362,510
1363,537
1364,491
1365,503
1366,524
1367,539
1368,524
1369,454
1370,497
1371,547
1372,536
1373,517
1374,540
1375,516
1376,515
1377,605
1378,557
1379,476
1380,519
1381,503
1382,554
1383,500
1384,509
1385,518
1386,448
1387,486
1388,486
1389,488
1390,463
1391,524
1392,515
1393,534
1394,482
1395,478
1396,465
1397,503
1398,469
1399,460
1400,513
1401,485
1402,487
1403,470
1404,488
1405,441
1406,477
1407,461
1408,460
1409,494
1410,544
1411,484
1412,472
1413,469
1414,475
1415,473
1416,477
1417,467
1418,457
1419,503
1420,453
1421,479
1422,467
1423,470
1424,440
1425,528
1426,460
1427,489
1428,428
1429,453
1430,443
1431,457
1432,486
1433,448
1434,447
1435,425
1436,443
1437,459
1438,442
1439,417
1440,434
1441,451
1442,443
1443,407
1444,433
1445,428
1446,433
1447,477
1448,673
1449,475
1450,421
1451,429
1452,438
1453,449
1454,429
1455,492
1456,457
1457,422
1458,477
1459,409
1460,418
1461,422
1462,426
1463,416
1464,431
1465,433
1466,433
1467,412
1468,421
1469,432
1470,418
1471,407
1472,431
1473,429
1474,356
1475,423
1476,407
1477,423
1478,429
1479,394
1480,448
1481,402
1482,394
1483,395
1484,400
1485,431
1486,385
1487,437
1488,419
1489,455
1490,405
1491,385
1492,415
1493,403
1494,423
1495,408
1496,376
1497,390
1498,374
1499,411
1500,407
1501,400
1502,412
1503,445
1504,412
1505,380
1506,381
1507,406
1508,394
1509,415
1510,409
1511,416
1512,412
1513,411
1514,386
1515,370
1516,409
1517,411
1518,442
1519,391
1520,382
1521,413
1522,385
1523,373
1524,382
1525,393
1526,405
1527,384
1528,398
1529,351
1530,430
1531,381
1532,366
1533,399
1534,344
1535,416
1536,399
1537,384
1538,367
1539,440
1540,385
1541,366
1542,372
1543,393
1544,365
1545,366
1546,353
1547,383
1548,364
1549,366
1550,348
1551,371
1552,369
1553,325
1554,391
1555,400
1556,403
1557,366
1558,351
1559,373
1560,369
1561,374
1562,356
1563,350
1564,368
1565,377
1566,358
1567,379
1568,365
1569,347
1570,353
1571,352
1572,313
1573,356
1574,331
1575,382
1576,396
1577,370
1578,370
1579,354
1580,330
1581,327
1582,364
1583,371
1584,373
1585,364
1586,327
1587,340
1588,315
1589,359
1590,344
1591,315
1592,346
1593,332
1594,345
1595,333
1596,326
1597,330
1598,339
1599,352
1600,347
1601,378
1602,313
1603,334
1604,352
1605,342
1606,317
1607,359
1608,333
1609,357
1610,331
1611,324
1612,322
1613,341
1614,344
1615,307
1616,342
1617,343
1618,345
1619,327
1620,292
1621,329
1622,354
1623,332
1624,346
1625,351
1626,347
1627,342
1628,340
1629,319
1630,292
1631,356
1632,321
1633,347
1634,294
1635,312
1636,336
1637,313
1638,366
1639,309
1640,322
1641,299
1642,315
1643,341
1644,335
1645,333
1646,316
1647,304
1648,305
1649,298
1650,307
1651,329
1652,352
1653,298
1654,323
1655,344
1656,337
1657,290
1658,309
1659,313
1660,301
1661,335
1662,316
1663,305
1664,292
1665,332
1666,288
1667,302
1668,330
1669,317
1670,325
1671,309
1672,303
1673,293
1674,318
1675,300
1676,325
1677,312
1678,313
1679,290
1680,279
1681,287
1682,306
1683,308
1684,312
1685,294
1686,277
1687,307
1688,286
1689,302
1690,308
1691,322
1692,276
1693,279
1694,275
1695,313
1696,279
1697,294
1698,280
1699,293
1700,300
1701,332
1702,281
1703,290
1704,297
1705,304
1706,278
1707,299
1708,303
1709,263
1710,292
1711,318
1712,271
1713,263
1714,279
1715,303
1716,302
1717,283
1718,284
1719,273
1720,305
1721,278
1722,292
1723,259
1724,232
1725,283
1726,296
1727,309
1728,269
1729,270
1730,244
1731,310
1732,291
1733,259
1734,266
1735,279
1736,273
1737,290
1738,257
1739,270
1740,300
1741,313
1742,228
1743,285
1744,284
1745,286
1746,291
1747,263
1748,247
1749,271
1750,258
1751,259
1752,257
1753,270
1754,257
1755,267
1756,246
1757,254
1758,264
1759,271
1760,268
1761,261
1762,298
1763,260
1764,255
1765,264
1766,256
1767,252
1768,262
1769,280
1770,233
1771,299
1772,239
1773,275
1774,258
1775,260
1776,259
1777,269
1778,253
1779,280
1780,297
1781,237
1782,266
1783,287
1784,253
1785,273
1786,258
1787,228
1788,236
1789,245
1790,236
1791,237
1792,253
1793,262
1794,229
1795,272
1796,242
1797,274
1798,247
1799,273
1800,270
1801,246
1802,241
1803,236
1804,253
1805,266
1806,250
1807,271
1808,260
1809,264
1810,251
1811,250
1812,263
1813,235
1814,279
1815,229
1816,249
1817,231
1818,293
1819,261
1820,238
1821,187
1822,228
1823,239
1824,274
1825,232
1826,238
1827,264
1828,227
1829,238
1830,254
1831,266
1832,235
1833,235
1834,269
1835,233
1836,276
1837,263
1838,254
1839,252
1840,239
1841,250
1842,232
1843,224
1844,246
1845,243
1846,233
1847,278
1848,257
1849,243
1850,230
1851,257
1852,207
1853,218
1854,230
1855,238
1856,241
1857,221
1858,234
1859,226
1860,237
1861,232
1862,259
1863,237
1864,228
1865,274
1866,228
1867,219
1868,237
1869,227
1870,228
1871,221
1872,209
1873,230
1874,231
1875,231
1876,252
1877,245
1878,247
1879,219
1880,193
1881,232
1882,214
1883,252
1884,238
1885,231
1886,242
1887,241
1888,221
1889,218
1890,231
1891,214
1892,220
1893,217
1894,236
1895,214
1896,223
1897,241
1898,257
1899,211
1900,220
1901,467
1902,242
1903,222
1904,230
1905,228
1906,187
1907,239
1908,226
1909,187
1910,232
1911,200
1912,213
1913,204
1914,184
1915,227
1916,226
1917,221
1918,216
1919,235
1920,230
1921,228
1922,222
1923,192
1924,176
1925,199
1926,205
1927,229
1928,229
1929,216
1930,197
1931,190
1932,237
1933,200
1934,186
1935,205
1936,206
1937,211
1938,202
1939,203
1940,199
1941,202
1942,232
1943,214
1944,200
1945,189
1946,211
1947,196
1948,210
1949,211
1950,206
1951,187
1952,226
1953,208
1954,201
1955,174
1956,221
1957,208
1958,213
1959,216
1960,244
1961,213
1962,200
1963,191
1964,217
1965,214
1966,210
1967,211
1968,180
1969,205
1970,273
1971,240
1972,219
1973,197
1974,219
1975,189
1976,199
1977,200
1978,184
1979,176
1980,194
1981,186
1982,200
1983,206
1984,179
1985,179
1986,175
1987,198
1988,191
1989,192
1990,201
1991,196
1992,186
1993,171
1994,190
1995,167
1996,166
1997,167
1998,185
1999,212
2000,184
2001,170
2002,181
2003,169
2004,191
2005,195
2006,201
2007,181
2008,180
2009,176
2010,178
2011,212
2012,188
2013,186
2014,188
2015,190
2016,178
2017,202
2018,172
2019,192
2020,172
2021,187
2022,164
2023,191
2024,172
2025,189
2026,184
2027,187
2028,179
2029,172
2030,175
2031,187
2032,169
2033,182
2034,171
2035,205
2036,165
2037,179
2038,173
2039,192
2040,181
2041,174
2042,184
2043,150
2044,173
2045,174
2046,192
2047,163
2048,196
2049,200
2050,195
2051,169
2052,197
2053,166
2054,170
2055,164
2056,190
2057,171
2058,183
2059,188
2060,140
2061,163
2062,174
2063,155
2064,170
2065,172
2066,158
2067,190
2068,181
2069,191
2070,182
2071,193
2072,177
2073,190
2074,170
2075,194
2076,144
2077,188
2078,160
2079,178
2080,168
2081,172
2082,167
2083,171
2084,157
2085,174
2086,148
2087,167
2088,184
2089,165
2090,156
2091,160
2092,156
2093,158
2094,135
2095,154
2096,183
2097,172
2098,154
2099,178
2100,164
2101,159
2102,182
2103,141
2104,169
2105,186
2106,154
2107,149
2108,170
2109,179
2110,156
2111,152
2112,163
2113,165
2114,163
2115,155
2116,160
2117,165
2118,170
2119,164
2120,173
2121,148
2122,180
2123,167
2124,155
2125,166
2126,167
2127,180
2128,182
2129,155
2130,210
2131,186
2132,143
2133,158
2134,171
2135,163
2136,171
2137,156
2138,174
2139,155
2140,151
2141,159
2142,160
2143,172
2144,143
2145,144
2146,153
2147,146
2148,138
2149,174
2150,158
2151,162
2152,180
2153,156
2154,142
2155,155
2156,128
2157,128
2158,153
2159,167
2160,166
2161,149
2162,139
2163,157
2164,171
2165,164
2166,160
2167,145
2168,127
2169,132
2170,144
2171,151
2172,132
2173,166
2174,153
2175,152
2176,135
2177,148
2178,152
2179,151
2180,148
2181,141
2182,150
2183,155
2184,138
2185,167
2186,163
2187,151
2188,154
2189,139
2190,142
2191,151
2192,141
2193,137
2194,137
2195,131
2196,143
2197,140
2198,138
2199,143
2200,127
2201,147
2202,141
2203,134
2204,158
2205,155
2206,128
2207,146
2208,139
2209,134
2210,139
2211,161
2212,157
2213,139
2214,124
2215,157
2216,121
2217,143
2218,137
2219,123
2220,137
2221,134
2222,126
2223,141
2224,128
2225,147
2226,135
2227,140
2228,139
2229,120
2230,161
2231,139
2232,141
2233,143
2234,160
2235,142
2236,142
2237,136
2238,112
2239,149
2240,140
2241,124
2242,159
2243,137
2244,130
2245,134
2246,114
2247,125
2248,149
2249,130
2250,134
2251,131
2252,143
2253,133
2254,134
2255,130
2256,120
2257,123
2258,104
2259,142
2260,126
2261,124
2262,136
2263,130
2264,125
2265,111
2266,125
2267,161
2268,133
2269,119
2270,134
2271,136
2272,131
2273,126
2274,108
2275,118
2276,117
2277,128
2278,133
2279,147
2280,135
2281,114
2282,140
2283,136
2284,115
2285,130
2286,125
2287,151
2288,131
2289,116
2290,130
2291,130
2292,135
2293,118
2294,136
2295,139
2296,116
2297,106
2298,121
2299,124
2300,133
2301,150
2302,115
2303,165
2304,136
2305,137
2306,130
2307,127
2308,139
2309,143
2310,115
2311,111
2312,106
2313,136
2314,127
2315,135
2316,130
2317,132
2318,126
2319,135
2320,136
2321,116
2322,111
2323,128
2324,113
2325,142
2326,123
2327,134
2328,138
2329,143
2330,125
2331,119
2332,110
2333,117
2334,133
2335,136
2336,115
2337,113
2338,129
2339,138
2340,128
2341,107
2342,121
2343,102
2344,108
2345,135
2346,128
2347,117
2348,133
2349,123
2350,122
2351,126
2352,121
2353,125
2354,128
2355,136
2356,122
2357,122
2358,118
2359,107
2360,103
2361,111
2362,109
2363,115
2364,121
2365,119
2366,111
2367,113
2368,110
2369,110
2370,136
2371,106
2372,108
2373,110
2374,108
2375,117
2376,113
2377,119
2378,111
2379,99
2380,115
2381,125
2382,107
2383,116
2384,104
2385,117
2386,104
2387,105
2388,109
2389,123
2390,115
2391,107
2392,102
2393,116
2394,110
2395,92
2396,114
2397,112
2398,112
2399,116
2400,104
2401,125
2402,120
2403,112
2404,121
2405,114
2406,114
2407,101
2408,108
2409,118
2410,108
2411,114
2412,127
2413,108
2414,102
2415,121
2416,102
2417,112
2418,110
2419,94
2420,116
2421,98
2422,99
2423,111
2424,105
2425,113
2426,103
2427,95
2428,108
2429,88
2430,117
2431,107
2432,95
2433,109
2434,90
2435,118
2436,107
2437,118
2438,107
2439,119
2440,106
2441,124
2442,114
2443,125
2444,100
2445,117
2446,116
2447,103
2448,108
2449,109
2450,118
2451,111
2452,112
2453,110
2454,89
2455,120
2456,97
2457,107
2458,108
2459,98
2460,82
2461,86
2462,100
2463,110
2464,101
2465,97
2466,98
2467,93
2468,94
2469,93
2470,109
2471,97
2472,112
2473,102
2474,110
2475,127
2476,103
2477,94
2478,112
2479,95
2480,99
2481,89
2482,90
2483,132
2484,94
2485,124
2486,77
2487,98
2488,94
2489,87
2490,94
2491,108
2492,89
2493,119
2494,98
2495,110
2496,105
2497,98
2498,117
2499,103
2500,104
2501,97
2502,91
2503,111
2504,96
2505,104
2506,81
2507,89
2508,90
2509,90
2510,92
2511,96
2512,94
2513,88
2514,93
2515,100
2516,91
2517,85
2518,102
2519,109
2520,117
2521,84
2522,106
2523,94
2524,109
2525,95
2526,106
2527,96
2528,99
2529,92
2530,93
2531,108
2532,105
2533,104
2534,87
2535,103
2536,97
2537,83
2538,107
2539,95
2540,84
2541,67
2542,96
2543,102
2544,86
2545,100
2546,89
2547,82
2548,109
2549,99
2550,87
2551,87
2552,101
2553,82
2554,94
2555,81
2556,89
2557,65
2558,84
2559,95
2560,108
2561,108
2562,86
2563,88
2564,115
2565,85
2566,86
2567,87
2568,84
2569,82
2570,86
2571,82
2572,98
2573,89
2574,108
2575,83
2576,93
2577,98
2578,81
2579,88
2580,92
2581,101
2582,78
2583,77
2584,78
2585,86
2586,85
2587,94
2588,98
2589,97
2590,82
2591,99
2592,83
2593,103
2594,81
2595,104
2596,94
2597,94
2598,85
2599,82
2600,99
2601,79
2602,95
2603,85
2604,79
2605,87
2606,100
2607,90
2608,74
2609,72
2610,89
2611,89
2612,90
2613,88
2614,86
2615,108
2616,89
2617,79
2618,72
2619,140
2620,88
2621,109
2622,81
2623,89
2624,63
2625,78
2626,99
2627,82
2628,86
2629,81
2630,103
2631,75
2632,66
2633,90
2634,71
2635,78
2636,112
2637,80
2638,91
2639,94
2640,117
2641,107
2642,111
2643,96
2644,69
2645,79
2646,89
2647,77
2648,92
2649,80
2650,91
2651,85
2652,77
2653,85
2654,83
2655,67
2656,93
2657,88
2658,68
2659,75
2660,101
2661,74
2662,76
2663,90
2664,91
2665,71
2666,75
2667,93
2668,85
2669,80
2670,79
2671,84
2672,79
2673,87
2674,54
2675,97
2676,80
2677,85
2678,71
2679,67
2680,80
2681,83
2682,93
2683,91
2684,76
2685,83
2686,63
2687,87
2688,87
2689,67
2690,81
2691,81
2692,81
2693,83
2694,94
2695,67
2696,86
2697,70
2698,78
2699,72
2700,80
2701,71
2702,69
2703,81
2704,97
2705,83
2706,78
2707,91
2708,79
2709,73
2710,77
2711,85
2712,76
2713,88
2714,69
2715,79
2716,82
2717,68
2718,73
2719,68
2720,74
2721,82
2722,85
2723,76
2724,75
2725,69
2726,81
2727,76
2728,79
2729,64
2730,83
2731,73
2732,83
2733,78
2734,72
2735,82
2736,91
2737,82
2738,63
2739,58
2740,65
2741,67
2742,77
2743,76
2744,75
2745,74
2746,98
2747,62
2748,78
2749,67
2750,69
2751,75
2752,87
2753,89
2754,82
2755,70
2756,76
2757,90
2758,71
2759,79
2760,78
2761,66
2762,69
2763,67
2764,85
2765,70
2766,65
2767,72
2768,63
2769,67
2770,72
2771,60
2772,82
2773,74
2774,57
2775,63
2776,81
2777,70
2778,67
2779,62
2780,71
2781,69
2782,61
2783,72
2784,77
2785,68
2786,77
2787,68
2788,78
2789,55
2790,65
2791,62
2792,76
2793,64
2794,83
2795,88
2796,71
2797,85
2798,60
2799,70
2800,70
2801,55
2802,70
2803,62
2804,60
2805,58
2806,63
2807,57
2808,73
2809,81
2810,69
2811,54
2812,59
2813,71
2814,60
2815,71
2816,75
2817,86
2818,79
2819,71
2820,68
2821,59
2822,69
2823,64
2824,71
2825,56
2826,80
2827,63
2828,74
2829,77
2830,76
2831,64
2832,74
2833,59
2834,65
2835,79
2836,60
2837,81
2838,70
2839,61
2840,66
2841,64
2842,51
2843,70
2844,59
2845,72
2846,73
2847,72
2848,83
2849,55
2850,60
2851,77
2852,73
2853,69
2854,50
2855,65
2856,64
2857,63
2858,79
2859,63
2860,77
2861,58
2862,73
2863,77
2864,84
2865,50
2866,74
2867,75
2868,62
2869,75
2870,66
2871,61
2872,64
2873,62
2874,58
2875,69
2876,53
2877,57
2878,61
2879,72
2880,60
2881,62
2882,57
2883,60
2884,56
2885,53
2886,70
2887,68
2888,66
2889,58
2890,54
2891,63
2892,77
2893,70
2894,62
2895,68
2896,63
2897,70
2898,65
2899,68
2900,68
2901,70
2902,59
2903,56
2904,67
2905,58
2906,75
2907,80
2908,80
2909,64
2910,47
2911,55
2912,61
2913,64
2914,61
2915,58
2916,47
2917,74
2918,66
2919,62
2920,52
2921,55
2922,70
2923,66
2924,76
2925,55
2926,61
2927,57
2928,60
2929,68
2930,61
2931,53
2932,77
2933,55
2934,53
2935,50
2936,56
2937,60
2938,75
2939,64
2940,45
2941,65
2942,64
2943,60
2944,60
2945,63
2946,62
2947,70
2948,61
2949,69
2950,66
2951,68
2952,64
2953,44
2954,71
2955,51
2956,89
2957,62
2958,69
2959,64
2960,67
2961,52
2962,51
2963,51
2964,65
2965,54
2966,47
2967,76
2968,61
2969,65
2970,64
2971,59
2972,50
2973,55
2974,56
2975,65
2976,74
2977,55
2978,56
2979,50
2980,56
2981,62
2982,64
2983,51
2984,58
2985,66
2986,50
2987,65
2988,57
2989,55
2990,58
2991,60
2992,51
2993,51
2994,49
2995,58
2996,52
2997,67
2998,57
2999,47
3000,74
3001,52
3002,59
3003,58
3004,62
3005,59
3006,58
3007,61
3008,63
3009,44
3010,65
3011,55
3012,61
3013,44
3014,56
3015,56
3016,68
3017,44
3018,39
3019,48
3020,62
3021,58
3022,54
3023,63
3024,61
3025,62
3026,55
3027,42
3028,51
3029,58
3030,49
3031,60
3032,47
3033,52
3034,48
3035,63
3036,61
3037,59
3038,51
3039,49
3040,58
3041,52
3042,54
3043,41
3044,63
3045,52
3046,65
3047,46
3048,58
3049,54
3050,42
3051,61
3052,46
3053,53
3054,48
3055,56
3056,50
3057,54
3058,47
3059,60
3060,41
3061,51
3062,49
3063,50
3064,52
3065,58
3066,37
3067,49
3068,60
3069,56
3070,65
3071,55
3072,56
3073,53
3074,50
3075,44
3076,61
3077,48
3078,48
3079,57
3080,52
3081,62
3082,53
3083,34
3084,52
3085,57
3086,49
3087,58
3088,49
3089,45
3090,59
3091,46
3092,54
3093,51
3094,58
3095,64
3096,42
3097,42
3098,46
3099,58
3100,46
3101,46
3102,59
3103,54
3104,40
3105,52
3106,52
3107,55
3108,46
3109,53
3110,59
3111,58
3112,51
3113,61
3114,47
3115,49
3116,41
3117,54
3118,38
3119,55
3120,48
3121,47
3122,52
3123,50
3124,50
3125,51
3126,56
3127,46
3128,40
3129,58
3130,57
3131,51
3132,51
3133,67
3134,44
3135,50
3136,52
3137,61
3138,38
3139,51
3140,56
3141,53
3142,56
3143,54
3144,48
3145,49
3146,37
3147,47
3148,46
3149,41
3150,51
3151,52
3152,47
3153,47
3154,42
3155,35
3156,53
3157,38
3158,49
3159,41
3160,58
3161,44
3162,52
3163,45
3164,46
3165,42
3166,40
3167,35
3168,50
3169,47
3170,48
3171,62
3172,46
3173,50
3174,42
3175,54
3176,53
3177,55
3178,43
3179,36
3180,44
3181,44
3182,47
3183,45
3184,40
3185,49
3186,41
3187,46
3188,44
3189,51
3190,40
3191,34
3192,53
3193,32
3194,43
3195,56
3196,44
3197,45
3198,50
3199,47
3200,59
3201,47
3202,46
3203,40
3204,48
3205,35
3206,35
3207,43
3208,55
3209,52
3210,48
3211,55
3212,46
3213,52
3214,43
3215,39
3216,51
3217,41
3218,42
3219,49
3220,40
3221,61
3222,48
3223,42
3224,47
3225,38
3226,46
3227,43
3228,52
3229,56
3230,45
3231,44
3232,42
3233,42
3234,42
3235,46
3236,48
3237,41
3238,49
3239,50
3240,49
3241,54
3242,54
3243,43
3244,44
3245,41
3246,41
3247,39
3248,36
3249,55
3250,39
3251,32
3252,50
3253,52
3254,51
3255,46
3256,50
3257,38
3258,45
3259,34
3260,32
3261,39
3262,40
3263,35
3264,49
3265,63
3266,38
3267,33
3268,40
3269,44
3270,23
3271,42
3272,45
3273,46
3274,40
3275,49
3276,46
3277,42
3278,51
3279,49
3280,33
3281,44
3282,37
3283,47
3284,43
3285,48
3286,44
3287,46
3288,44
3289,38
3290,48
3291,45
3292,39
3293,47
3294,37
3295,41
3296,46
3297,40
3298,41
3299,34
3300,46
3301,50
3302,35
3303,50
3304,36
3305,34
3306,34
3307,42
3308,47
3309,36
3310,39
3311,49
3312,36
3313,46
3314,45
3315,30
3316,43
3317,38
3318,55
3319,31
3320,47
3321,38
3322,42
3323,41
3324,25
3325,46
3326,50
3327,34
3328,50
3329,40
3330,32
3331,42
3332,48
3333,33
3334,45
3335,41
3336,60
3337,42
3338,50
3339,42
3340,35
3341,39
3342,40
3343,49
3344,38
3345,34
3346,47
3347,39
3348,57
3349,32
3350,34
3351,47
3352,38
3353,35
3354,45
3355,50
3356,47
3357,36
3358,43
3359,35
3360,46
3361,35
3362,27
3363,30
3364,34
3365,37
3366,52
3367,51
3368,40
3369,45
3370,40
3371,34
3372,40
3373,47
3374,44
3375,30
3376,33
3377,31
3378,36
3379,44
3380,38
3381,41
3382,29
3383,48
3384,29
3385,29
3386,40
3387,45
3388,35
3389,34
3390,29
3391,46
3392,35
3393,57
3394,45
3395,38
3396,37
3397,50
3398,34
3399,46
3400,40
3401,34
3402,33
3403,38
3404,45
3405,28
3406,35
3407,47
3408,22
3409,32
3410,28
3411,35
3412,24
3413,36
3414,31
3415,50
3416,37
3417,35
3418,35
3419,43
3420,41
3421,27
3422,37
3423,32
3424,42
3425,40
3426,43
3427,29
3428,33
3429,39
3430,50
3431,42
3432,44
3433,27
3434,52
3435,37
3436,36
3437,37
3438,48
3439,35
3440,36
3441,35
3442,35
3443,41
3444,44
3445,50
3446,30
3447,43
3448,35
3449,32
3450,40
3451,46
3452,34
3453,38
3454,29
3455,76
3456,40
3457,44
3458,48
3459,33
3460,38
3461,36
3462,34
3463,37
3464,28
3465,52
3466,35
3467,31
3468,44
3469,41
3470,36
3471,39
3472,49
3473,34
3474,44
3475,43
3476,34
3477,30
3478,49
3479,43
3480,34
3481,33
3482,32
3483,31
3484,23
3485,32
3486,26
3487,39
3488,36
3489,39
3490,41
3491,33
3492,32
3493,54
3494,35
3495,35
3496,34
3497,45
3498,34
3499,40
3500,25
3501,36
3502,38
3503,31
3504,36
3505,33
3506,43
3507,33
3508,36
3509,28
3510,33
3511,31
3512,24
3513,28
3514,36
3515,21
3516,30
3517,23
3518,25
3519,38
3520,52
3521,33
3522,35
3523,23
3524,33
3525,26
3526,33
3527,49
3528,45
3529,35
3530,28
3531,33
3532,29
3533,51
3534,28
3535,33
3536,26
3537,30
3538,39
3539,44
3540,34
3541,40
3542,30
3543,37
3544,36
3545,39
3546,39
3547,43
3548,35
3549,31
3550,26
3551,31
3552,38
3553,39
3554,22
3555,35
3556,31
3557,51
3558,36
3559,40
3560,33
3561,45
3562,40
3563,25
3564,30
3565,32
3566,30
3567,34
3568,36
3569,29
3570,40
3571,38
3572,37
3573,35
3574,32
3575,31
3576,32
3577,29
3578,35
3579,32
3580,30
3581,34
3582,32
3583,32
3584,33
3585,35
3586,33
3587,21
3588,27
3589,32
3590,29
3591,41
3592,43
3593,29
3594,43
3595,20
3596,30
3597,29
3598,36
3599,33
3600,28
3601,45
3602,34
3603,33
3604,32
3605,29
3606,34
3607,22
3608,20
3609,37
3610,32
3611,30
3612,29
3613,29
3614,32
3615,37
3616,27
3617,35
3618,31
3619,30
3620,25
3621,35
3622,23
3623,38
3624,32
3625,25
3626,34
3627,28
3628,20
3629,28
3630,31
3631,27
3632,35
3633,26
3634,31
3635,29
3636,31
3637,32
3638,29
3639,27
3640,28
3641,35
3642,32
3643,21
3644,35
3645,22
3646,22
3647,31
3648,37
3649,26
3650,29
3651,27
3652,33
3653,28
3654,34
3655,34
3656,37
3657,31
3658,25
3659,29
3660,41
3661,25
3662,29
3663,36
3664,17
3665,38
3666,30
3667,30
3668,32
3669,30
3670,28
3671,22
3672,23
3673,27
3674,35
3675,27
3676,30
3677,30
3678,25
3679,32
3680,34
3681,23
3682,30
3683,26
3684,23
3685,30
3686,29
3687,33
3688,31
3689,35
3690,21
3691,29
3692,30
3693,29
3694,26
3695,30
3696,30
3697,29
3698,26
3699,21
3700,30
3701,24
3702,33
3703,26
3704,28
3705,28
3706,29
3707,35
3708,29
3709,38
3710,30
3711,23
3712,37
3713,31
3714,26
3715,24
3716,40
3717,38
3718,31
3719,32
3720,30
3721,26
3722,32
3723,39
3724,28
3725,26
3726,22
3727,23
3728,29
3729,29
3730,33
3731,32
3732,25
3733,28
3734,25
3735,34
3736,26
3737,29
3738,27
3739,25
3740,26
3741,40
3742,26
3743,33
3744,31
3745,28
3746,24
3747,28
3748,25
3749,29
3750,25
3751,27
3752,38
3753,27
3754,39
3755,30
3756,29
3757,31
3758,18
3759,33
3760,34
3761,30
3762,26
3763,27
3764,21
3765,36
3766,27
3767,30
3768,35
3769,29
3770,25
3771,20
3772,30
3773,30
3774,25
3775,33
3776,26
3777,22
3778,32
3779,20
3780,25
3781,35
3782,23
3783,25
3784,26
3785,23
3786,28
3787,30
3788,33
3789,32
3790,33
3791,27
3792,20
3793,29
3794,43
3795,38
3796,18
3797,24
3798,40
3799,25
3800,30
3801,16
3802,23
3803,19
3804,15
3805,33
3806,39
3807,31
3808,22
3809,25
3810,25
3811,33
3812,19
3813,22
3814,22
3815,30
3816,27
3817,27
3818,20
3819,26
3820,34
3821,23
3822,33
3823,30
3824,21
3825,25
3826,31
3827,30
3828,29
3829,30
3830,21
3831,20
3832,29
3833,26
3834,23
3835,23
3836,22
3837,23
3838,21
3839,21
3840,30
3841,22
3842,19
3843,18
3844,23
3845,28
3846,26
3847,23
3848,26
3849,19
3850,29
3851,34
3852,27
3853,31
3854,28
3855,21
3856,21
3857,25
3858,22
3859,32
3860,18
3861,22
3862,25
3863,22
3864,20
3865,31
3866,26
3867,28
3868,28
3869,23
3870,28
3871,38
3872,21
3873,22
3874,18
3875,25
3876,27
3877,28
3878,24
3879,22
3880,23
3881,26
3882,31
3883,31
3884,39
3885,19
3886,22
3887,31
3888,25
3889,24
3890,28
3891,20
3892,23
3893,31
3894,24
3895,23
3896,15
3897,29
3898,21
3899,22
3900,26
3901,21
3902,24
3903,24
3904,25
3905,33
3906,15
3907,24
3908,19
3909,27
3910,25
3911,21
3912,29
3913,26
3914,24
3915,20
3916,25
3917,24
3918,31
3919,38
3920,28
3921,20
3922,25
3923,24
3924,19
3925,21
3926,20
3927,28
3928,32
3929,19
3930,19
3931,16
3932,33
3933,24
3934,41
3935,20
3936,28
3937,26
3938,23
3939,26
3940,30
3941,26
3942,25
3943,19
3944,12
3945,21
3946,30
3947,19
3948,21
3949,31
3950,22
3951,25
3952,23
3953,19
3954,32
3955,27
3956,18
3957,28
3958,29
3959,22
3960,17
3961,23
3962,23
3963,22
3964,21
3965,25
3966,17
3967,21
3968,22
3969,33
3970,23
3971,27
3972,28
3973,23
3974,22
3975,33
3976,24
3977,21
3978,32
3979,16
3980,19
3981,34
3982,26
3983,30
3984,25
3985,21
3986,25
3987,18
3988,32
3989,21
3990,22
3991,16
3992,26
3993,17
3994,29
3995,22
3996,24
3997,26
3998,30
3999,20
4000,45
4001,24
4002,20
4003,26
4004,24
4005,21
4006,20
4007,25
4008,21
4009,15
4010,19
4011,26
4012,15
4013,26
4014,24
4015,18
4016,28
4017,19
4018,14
4019,26
4020,23
4021,22
4022,26
4023,20
4024,16
4025,19
4026,21
4027,12
4028,21
4029,23
4030,24
4031,23
4032,21
4033,20
4034,18
4035,24
4036,17
4037,18
4038,21
4039,22
4040,23
4041,20
4042,21
4043,28
4044,19
4045,24
4046,16
4047,24
4048,25
4049,27
4050,18
4051,18
4052,19
4053,28
4054,27
4055,17
4056,23
4057,20
4058,19
4059,24
4060,18
4061,22
4062,12
4063,24
4064,13
4065,22
4066,17
4067,19
4068,17
4069,18
4070,12
4071,26
4072,20
4073,14
4074,13
4075,32
4076,16
4077,21
4078,17
4079,23
4080,15
4081,19
4082,25
4083,20
4084,22
4085,22
4086,30
4087,20
4088,16
4089,30
4090,22
4091,26
4092,32
4093,34
4094,27
4095,25
4096,21
4097,17
4098,20
4099,15
4100,26
4101,16
4102,18
4103,14
4104,24
4105,23
4106,20
4107,19
4108,17
4109,20
4110,18
4111,16
4112,18
4113,20
4114,20
4115,19
4116,21
4117,18
4118,16
4119,34
4120,21
4121,22
4122,13
4123,15
4124,30
4125,23
4126,21
4127,22
4128,23
4129,21
4130,20
4131,23
4132,15
4133,26
4134,25
4135,22
4136,20
4137,22
4138,22
4139,15
4140,20
4141,30
4142,20
4143,23
4144,17
4145,29
4146,23
4147,15
4148,24
4149,19
4150,22
4151,21
4152,22
4153,19
4154,22
4155,27
4156,19
4157,19
4158,25
4159,17
4160,27
4161,25
4162,23
4163,22
4164,20
4165,16
4166,19
4167,22
4168,22
4169,15
4170,22
4171,22
4172,20
4173,16
4174,18
4175,15
4176,23
4177,22
4178,23
4179,21
4180,11
4181,20
4182,23
4183,18
4184,17
4185,12
4186,20
4187,20
4188,22
4189,17
4190,21
4191,22
4192,18
4193,31
4194,18
4195,25
4196,22
4197,19
4198,22
4199,17
4200,20
4201,30
4202,21
4203,19
4204,23
4205,22
4206,22
4207,24
4208,18
4209,23
4210,15
4211,25
4212,12
4213,21
4214,10
4215,15
4216,23
4217,25
4218,18
4219,19
4220,13
4221,13
4222,14
4223,18
4224,25
4225,14
4226,17
4227,22
4228,22
4229,25
4230,17
4231,20
4232,16
4233,18
4234,13
4235,22
4236,28
4237,23
4238,19
4239,16
4240,27
4241,11
4242,26
4243,10
4244,15
4245,19
4246,14
4247,17
4248,18
4249,18
4250,19
4251,18
4252,25
4253,22
4254,24
4255,17
4256,17
4257,19
4258,14
4259,11
4260,26
4261,10
4262,18
4263,22
4264,19
4265,20
4266,23
4267,25
4268,18
4269,18
4270,14
4271,17
4272,19
4273,24
4274,17
4275,15
4276,17
4277,18
4278,24
4279,13
4280,19
4281,17
4282,14
4283,14
4284,13
4285,20
4286,21
4287,13
4288,20
4289,23
4290,20
4291,18
4292,12
4293,21
4294,24
4295,21
4296,23
4297,17
4298,22
4299,20
4300,27
4301,23
4302,20
4303,17
4304,14
4305,20
4306,16
4307,22
4308,18
4309,17
4310,19
4311,16
4312,17
4313,19
4314,11
4315,14
4316,19
4317,14
4318,14
4319,24
4320,24
4321,22
4322,10
4323,17
4324,14
4325,19
4326,21
4327,15
4328,24
4329,16
4330,7
4331,19
4332,16
4333,11
4334,19
4335,12
4336,20
4337,21
4338,20
4339,27
4340,11
4341,14
4342,20
4343,21
4344,18
4345,18
4346,18
4347,18
4348,21
4349,19
4350,14
4351,15
4352,12
4353,23
4354,22
4355,17
4356,22
4357,23
4358,23
4359,21
4360,22
4361,24
4362,21
4363,14
4364,19
4365,21
4366,16
4367,21
4368,29
4369,14
4370,20
4371,26
4372,15
4373,18
4374,15
4375,19
4376,16
4377,21
4378,18
4379,25
4380,18
4381,29
4382,19
4383,14
4384,18
4385,24
4386,27
4387,18
4388,22
4389,16
4390,14
4391,11
4392,20
4393,13
4394,16
4395,18
4396,24
4397,17
4398,15
4399,23
4400,26
4401,19
4402,12
4403,14
4404,11
4405,13
4406,19
4407,16
4408,20
4409,11
4410,18
4411,22
4412,12
4413,8
4414,18
4415,14
4416,13
4417,16
4418,17
4419,18
4420,9
4421,15
4422,20
4423,14
4424,14
4425,16
4426,15
4427,19
4428,21
4429,13
4430,18
4431,21
4432,16
4433,16
4434,15
4435,17
4436,20
4437,19
4438,16
4439,17
4440,18
4441,15
4442,13
4443,15
4444,22
4445,25
4446,13
4447,12
4448,16
4449,15
4450,25
4451,19
4452,14
4453,24
4454,14
4455,19
4456,25
4457,14
4458,17
4459,18
4460,17
4461,22
4462,12
4463,21
4464,26
4465,10
4466,18
4467,14
4468,13
4469,13
4470,15
4471,11
4472,12
4473,15
4474,14
4475,9
4476,20
4477,11
4478,13
4479,12
4480,15
4481,19
4482,9
4483,14
4484,13
4485,17
4486,7
4487,13
4488,15
4489,22
4490,19
4491,21
4492,20
4493,10
4494,12
4495,12
4496,19
4497,20
4498,12
4499,9
4500,13
4501,13
4502,13
4503,16
4504,20
4505,20
4506,14
4507,15
4508,16
4509,15
4510,15
4511,12
4512,19
4513,12
4514,15
4515,13
4516,16
4517,16
4518,12
4519,22
4520,13
4521,10
4522,18
4523,18
4524,22
4525,5
4526,13
4527,6
4528,13
4529,26
4530,13
4531,23
4532,24
4533,7
4534,14
4535,16
4536,16
4537,13
4538,18
4539,9
4540,16
4541,15
4542,13
4543,16
4544,22
4545,16
4546,14
4547,11
4548,18
4549,8
4550,20
4551,8
4552,8
4553,10
4554,13
4555,16
4556,21
4557,13
4558,14
4559,17
4560,11
4561,15
4562,13
4563,14
4564,12
4565,14
4566,12
4567,7
4568,18
4569,11
4570,20
4571,22
4572,17
4573,13
4574,16
4575,17
4576,17
4577,11
4578,15
4579,13
4580,11
4581,7
4582,19
4583,15
4584,11
4585,15
4586,13
4587,10
4588,19
4589,8
4590,16
4591,16
4592,11
4593,18
4594,16
4595,15
4596,11
4597,18
4598,23
4599,17
4600,19
4601,8
4602,17
4603,13
4604,19
4605,7
4606,20
4607,14
4608,11
4609,22
4610,26
4611,255
4612,34
4613,18
4614,12
4615,13
4616,16
4617,14
4618,18
4619,12
4620,16
4621,8
4622,11
4623,17
4624,22
4625,22
4626,17
4627,10
4628,10
4629,12
4630,15
4631,14
4632,10
4633,23
4634,23
4635,12
4636,18
4637,12
4638,16
4639,13
4640,9
4641,13
4642,16
4643,15
4644,21
4645,11
4646,13
4647,14
4648,11
4649,18
4650,12
4651,16
4652,9
4653,14
4654,11
4655,7
4656,17
4657,7
4658,15
4659,10
4660,20
4661,12
4662,22
4663,14
4664,10
4665,4
4666,14
4667,9
4668,11
4669,19
4670,15
4671,15
4672,16
4673,14
4674,13
4675,9
4676,10
4677,14
4678,15
4679,8
4680,10
4681,18
4682,16
4683,13
4684,17
4685,7
4686,7
4687,10
4688,16
4689,15
4690,11
4691,22
4692,11
4693,10
4694,9
4695,19
4696,12
4697,14
4698,13
4699,10
4700,11
4701,11
4702,13
4703,11
4704,8
4705,15
4706,4
4707,16
4708,10
4709,13
4710,11
4711,12
4712,10
4713,19
4714,12
4715,12
4716,12
4717,12
4718,13
4719,14
4720,13
4721,6
4722,19
4723,18
4724,8
4725,17
4726,16
4727,9
4728,18
4729,17
4730,13
4731,14
4732,13
4733,12
4734,13
4735,8
4736,10
4737,11
4738,17
4739,12
4740,16
4741,18
4742,13
4743,15
4744,7
4745,11
4746,17
4747,15
4748,14
4749,15
4750,14
4751,14
4752,12
4753,13
4754,6
4755,17
4756,9
4757,11
4758,15
4759,8
4760,25
4761,10
4762,3
4763,15
4764,12
4765,6
4766,12
4767,15
4768,7
4769,12
4770,13
4771,16
4772,9
4773,14
4774,13
4775,8
4776,10
4777,11
4778,5
4779,9
4780,14
4781,6
4782,14
4783,13
4784,8
4785,11
4786,14
4787,15
4788,15
4789,11
4790,11
4791,13
4792,11
4793,15
4794,14
4795,13
4796,14
4797,8
4798,13
4799,11
4800,10
4801,18
4802,15
4803,8
4804,14
4805,16
4806,13
4807,14
4808,11
4809,11
4810,14
4811,8
4812,8
4813,10
4814,14
4815,11
4816,16
4817,10
4818,12
4819,17
4820,16
4821,11
4822,10
4823,10
4824,11
4825,6
4826,10
4827,14
4828,10
4829,12
4830,11
4831,12
4832,7
4833,9
4834,11
4835,18
4836,10
4837,13
4838,14
4839,15
4840,9
4841,14
4842,10
4843,7
4844,10
4845,15
4846,18
4847,11
4848,10
4849,10
4850,15
4851,14
4852,18
4853,9
4854,9
4855,11
4856,15
4857,7
4858,13
4859,17
4860,10
4861,15
4862,14
4863,3
4864,15
4865,12
4866,15
4867,15
4868,8
4869,9
4870,11
4871,9
4872,11
4873,5
4874,11
4875,10
4876,8
4877,9
4878,13
4879,9
4880,14
4881,7
4882,7
4883,5
4884,8
4885,9
4886,7
4887,14
4888,10
4889,14
4890,16
4891,11
4892,9
4893,9
4894,10
4895,16
4896,11
4897,10
4898,14
4899,11
4900,12
4901,11
4902,7
4903,7
4904,12
4905,16
4906,10
4907,12
4908,11
4909,14
4910,11
4911,12
4912,16
4913,11
4914,11
4915,15
4916,13
4917,10
4918,14
4919,11
4920,14
4921,11
4922,8
4923,12
4924,14
4925,15
4926,9
4927,15
4928,6
4929,14
4930,7
4931,12
4932,13
4933,8
4934,16
4935,13
4936,11
4937,9
4938,12
4939,9
4940,11
4941,6
4942,12
4943,15
4944,14
4945,9
4946,11
4947,7
4948,7
4949,11
4950,8
4951,11
4952,7
4953,8
4954,11
4955,11
4956,10
4957,11
4958,12
4959,11
4960,10
4961,13
4962,15
4963,12
4964,12
4965,12
4966,7
4967,13
4968,11
4969,8
4970,18
4971,11
4972,11
4973,10
4974,13
4975,10
4976,14
4977,9
4978,11
4979,15
4980,10
4981,11
4982,16
4983,18
4984,8
4985,4
4986,9
4987,10
4988,9
4989,1
4990,8
4991,9
4992,16
4993,12
4994,15
4995,13
4996,9
4997,15
4998,7
4999,11
5000,15
5001,11
5002,7
5003,16
5004,13
5005,11
5006,12
5007,10
5008,8
5009,8
5010,13
5011,6
5012,7
5013,9
5014,16
5015,11
5016,13
5017,16
5018,10
5019,5
5020,10
5021,11
5022,8
5023,5
5024,11
5025,10
5026,13
5027,9
5028,11
5029,13
5030,10
5031,19
5032,6
5033,10
5034,17
5035,10
5036,8
5037,9
5038,9
5039,11
5040,13
5041,9
5042,12
5043,9
5044,14
5045,16
5046,13
5047,10
5048,10
5049,7
5050,11
5051,8
5052,7
5053,10
5054,14
5055,8
5056,7
5057,9
5058,13
5059,13
5060,10
5061,12
5062,6
5063,13
5064,8
5065,6
5066,9
5067,8
5068,8
5069,13
5070,16
5071,6
5072,8
5073,11
5074,10
5075,11
5076,11
5077,10
5078,6
5079,9
5080,11
5081,10
5082,8
5083,10
5084,9
5085,7
5086,11
5087,8
5088,8
5089,7
5090,11
5091,8
5092,12
5093,14
5094,10
5095,9
5096,1
5097,10
5098,7
5099,10
5100,8
5101,11
5102,10
5103,10
5104,10
5105,8
5106,7
5107,10
5108,10
5109,12
5110,16
5111,4
5112,2
5113,15
5114,7
5115,9
5116,10
5117,9
5118,14
5119,4
5120,10
5121,7
5122,6
5123,8
5124,18
5125,7
5126,7
5127,9
5128,9
5129,8
5130,8
5131,12
5132,12
5133,7
5134,12
5135,4
5136,11
5137,7
5138,13
5139,8
5140,10
5141,10
5142,11
5143,10
5144,6
5145,9
5146,8
5147,14
5148,11
5149,10
5150,14
5151,11
5152,13
5153,6
5154,5
5155,11
5156,11
5157,7
5158,5
5159,6
5160,8
5161,10
5162,12
5163,15
5164,13
5165,5
5166,5
5167,15
5168,5
5169,8
5170,13
5171,15
5172,7
5173,9
5174,10
5175,8
5176,10
5177,11
5178,11
5179,7
5180,11
5181,10
5182,9
5183,10
5184,8
5185,11
5186,4
5187,12
5188,17
5189,11
5190,14
5191,8
5192,8
5193,4
5194,13
5195,15
5196,4
5197,13
5198,8
5199,10
5200,8
5201,8
5202,7
5203,8
5204,10
5205,7
5206,10
5207,14
5208,7
5209,11
5210,9
5211,8
5212,4
5213,10
5214,8
5215,8
5216,6
5217,4
5218,10
5219,12
5220,4
5221,7
5222,7
5223,12
5224,9
5225,7
5226,9
5227,9
5228,10
5229,11
5230,16
5231,9
5232,10
5233,11
5234,8
5235,9
5236,8
5237,9
5238,12
5239,8
5240,10
5241,6
5242,12
5243,5
5244,10
5245,9
5246,10
5247,6
5248,9
5249,13
5250,12
5251,9
5252,6
5253,12
5254,10
5255,7
5256,8
5257,12
5258,5
5259,6
5260,6
5261,9
5262,10
5263,6
5264,9
5265,11
5266,10
5267,10
5268,10
5269,9
5270,7
5271,8
5272,10
5273,7
5274,5
5275,5
5276,5
5277,3
5278,9
5279,10
5280,9
5281,14
5282,10
5283,8
5284,6
5285,13
5286,11
5287,11
5288,7
5289,6
5290,5
5291,13
5292,13
5293,7
5294,5
5295,9
5296,7
5297,14
5298,13
5299,8
5300,1
5301,12
5302,5
5303,6
5304,4
5305,7
5306,15
5307,8
5308,5
5309,8
5310,7
5311,3
5312,4
5313,8
5314,7
5315,10
5316,9
5317,9
5318,15
5319,14
5320,12
5321,6
5322,4
5323,13
5324,10
5325,18
5326,9
5327,10
5328,11
5329,12
5330,7
5331,7
5332,5
5333,7
5334,4
5335,9
5336,13
5337,9
5338,8
5339,7
5340,10
5341,6
5342,11
5343,7
5344,6
5345,7
5346,4
5347,8
5348,4
5349,12
5350,8
5351,4
5352,6
5353,8
5354,8
5355,13
5356,6
5357,4
5358,13
5359,13
5360,15
5361,9
5362,10
5363,7
5364,7
5365,7
5366,12
5367,8
5368,4
5369,3
5370,4
5371,8
5372,5
5373,6
5374,8
5375,12
5376,3
5377,11
5378,7
5379,4
5380,8
5381,9
5382,15
5383,10
5384,6
5385,7
5386,7
5387,7
5388,7
5389,9
5390,10
5391,5
5392,7
5393,14
5394,5
5395,9
5396,9
5397,3
5398,7
5399,3
5400,6
5401,10
5402,6
5403,6
5404,6
5405,6
5406,10
5407,3
5408,6
5409,9
5410,9
5411,8
5412,9
5413,14
5414,7
5415,8
5416,5
5417,6
5418,9
5419,7
5420,7
5421,6
5422,8
5423,4
5424,7
5425,10
5426,4
5427,4
5428,11
5429,9
5430,8
5431,10
5432,8
5433,7
5434,8
5435,6
5436,9
5437,10
5438,8
5439,6
5440,8
5441,6
5442,12
5443,6
5444,5
5445,6
5446,5
5447,12
5448,10
5449,7
5450,7
5451,9
5452,3
5453,5
5454,10
5455,4
5456,8
5457,7
5458,9
5459,11
5460,9
5461,6
5462,6
5463,10
5464,8
5465,11
5466,3
5467,7
5468,5
5469,13
5470,4
5471,11
5472,9
5473,5
5474,6
5475,11
5476,6
5477,5
5478,8
5479,8
5480,13
5481,11
5482,10
5483,7
5484,13
5485,7
5486,8
5487,5
5488,8
5489,10
5490,6
5491,11
5492,9
5493,7
5494,9
5495,7
5496,5
5497,8
5498,8
5499,10
5500,10
5501,5
5502,17
5503,7
5504,7
5505,5
5506,5
5507,9
5508,9
5509,6
5510,10
5511,5
5512,6
5513,9
5514,9
5515,2
5516,10
5517,8
5518,4
5519,10
5520,10
5521,10
5522,8
5523,5
5524,6
5525,8
5526,7
5527,8
5528,11
5529,9
5530,11
5531,6
5532,7
5533,6
5534,15
5535,11
5536,9
5537,13
5538,7
5539,8
5540,8
5541,3
5542,10
5543,9
5544,8
5545,6
5546,12
5547,8
5548,7
5549,7
5550,5
5551,11
5552,8
5553,4
5554,9
5555,14
5556,9
5557,6
5558,5
5559,3
5560,6
5561,8
5562,9
5563,10
5564,5
5565,4
5566,8
5567,4
5568,2
5569,7
5570,5
5571,4
5572,4
5573,11
5574,4
5575,7
5576,9
5577,8
5578,3
5579,7
5580,8
5581,6
5582,6
5583,5
5584,8
5585,9
5586,7
5587,6
5588,7
5589,9
5590,3
5591,8
5592,9
5593,8
5594,8
5595,10
5596,6
5597,6
5598,6
5599,10
5600,5
5601,7
5602,6
5603,6
5604,6
5605,9
5606,6
5607,8
5608,7
5609,1
5610,4
5611,6
5612,4
5613,8
5614,5
5615,9
5616,5
5617,7
5618,10
5619,9
5620,4
5621,8
5622,9
5623,6
5624,8
5625,9
5626,5
5627,6
5628,3
5629,10
5630,5
5631,4
5632,6
5633,6
5634,5
5635,6
5636,11
5637,11
5638,6
5639,9
5640,4
5641,7
5642,7
5643,9
5644,5
5645,7
5646,10
5647,5
5648,8
5649,11
5650,5
5651,5
5652,8
5653,6
5654,4
5655,8
5656,5
5657,9
5658,6
5659,11
5660,8
5661,7
5662,4
5663,7
5664,4
5665,3
5666,4
5667,7
5668,7
5669,4
5670,7
5671,11
5672,10
5673,7
5674,6
5675,7
5676,8
5677,2
5678,10
5679,6
5680,7
5681,8
5682,2
5683,4
5684,4
5685,6
5686,6
5687,3
5688,9
5689,8
5690,5
5691,10
5692,6
5693,9
5694,5
5695,11
5696,13
5697,7
5698,7
5699,4
5700,4
5701,9
5702,5
5703,6
5704,5
5705,11
5706,3
5707,2
5708,4
5709,6
5710,4
5711,9
5712,6
5713,11
5714,7
5716,4
5717,6
5718,2
5719,3
5720,6
5721,7
5722,2
5723,4
5724,10
5725,9
5726,7
5727,8
5728,5
5729,7
5730,6
5731,4
5732,6
5733,9
5734,9
5735,7
5736,5
5737,4
5738,3
5739,4
5740,5
5741,7
5742,8
5743,9
5744,6
5745,10
5746,4
5747,7
5748,11
5749,6
5750,6
5751,12
5752,6
5753,4
5754,12
5755,6
5756,9
5757,4
5758,7
5759,6
5760,14
5761,8
5762,12
5763,7
5764,9
5765,6
5766,5
5767,7
5768,10
5769,6
5770,9
5771,1
5772,6
5773,6
5774,6
5775,4
5776,6
5777,5
5778,6
5779,5
5780,4
5781,8
5782,3
5783,10
5784,6
5785,8
5786,7
5787,4
5788,6
5789,6
5790,1
5791,6
5792,9
5793,3
5794,7
5795,7
5796,4
5797,2
5798,4
5799,6
5800,9
5801,11
5802,8
5803,6
5804,7
5805,1
5806,5
5807,4
5808,8
5809,4
5810,7
5811,5
5812,4
5813,6
5814,8
5815,6
5816,4
5817,2
5818,9
5819,9
5820,3
5821,5
5822,6
5823,4
5824,7
5825,14
5826,8
5827,5
5828,4
5829,7
5830,5
5831,8
5832,7
5833,5
5834,6
5835,4
5836,4
5837,8
5838,8
5839,3
5840,6
5841,7
5842,8
5843,7
5844,5
5845,11
5846,5
5847,8
5848,8
5849,4
5850,12
5851,10
5852,4
5853,6
5854,5
5855,8
5856,5
5857,6
5858,4
5859,2
5860,7
5861,8
5862,13
5863,6
5864,8
5865,6
5866,9
5867,11
5868,6
5869,5
5870,4
5871,10
5872,4
5873,9
5874,6
5875,7
5876,2
5877,7
5878,8
5879,6
5880,1
5881,7
5882,5
5883,4
5884,5
5885,11
5886,8
5887,5
5888,7
5889,10
5890,5
5891,13
5892,2
5893,11
5894,7
5895,5
5896,3
5897,4
5898,7
5899,5
5900,2
5901,4
5902,5
5903,1
5904,9
5905,7
5906,7
5907,5
5908,6
5909,11
5910,12
5911,10
5912,4
5913,8
5914,8
5915,3
5916,4
5917,4
5918,4
5919,5
5920,7
5921,3
5922,5
5923,2
5924,4
5925,8
5926,5
5927,7
5928,4
5929,5
5930,8
5931,9
5932,8
5933,12
5934,10
5935,7
5936,6
5937,5
5938,10
5939,15
5940,4
5941,4
5942,6
5943,7
5944,3
5945,9
5946,3
5947,10
5948,1
5949,4
5950,5
5951,3
5952,7
5953,2
5954,10
5955,5
5956,5
5957,10
5958,9
5959,8
5960,4
5961,8
5962,11
5963,5
5964,1
5965,5
5966,7
5967,3
5968,3
5969,4
5970,10
5971,10
5972,5
5973,5
5974,2
5975,7
5976,5
5977,3
5978,2
5979,7
5980,3
5981,5
5982,7
5983,5
5984,9
5985,6
5986,8
5987,6
5988,3
5989,8
5990,6
5991,6
5992,4
5993,5
5994,5
5995,10
5996,5
5997,5
5998,3
5999,7
6000,6
6001,3
6002,6
6003,3
6004,6
6005,7
6006,5
6007,1
6008,4
6009,4
6010,10
6011,3
6012,2
6013,4
6014,10
6015,6
6016,6
6017,6
6018,4
6019,4
6020,4
6021,4
6022,5
6023,1
6024,4
6025,4
6026,9
6027,7
6028,11
6029,8
6030,5
6031,9
6032,5
6033,7
6034,6
6035,5
6036,9
6037,1
6038,8
6039,4
6040,4
6041,7
6042,8
6043,5
6044,3
6045,1
6046,1
6047,6
6048,5
6049,7
6050,5
6051,2
6052,3
6053,8
6054,2
6055,8
6056,5
6057,8
6058,7
6059,4
6060,6
6061,8
6062,4
6063,2
6064,6
6065,3
6066,6
6067,6
6068,6
6069,4
6070,5
6071,5
6072,6
6073,10
6074,4
6075,8
6076,7
6077,5
6078,7
6079,6
6080,3
6081,6
6082,5
6083,4
6084,6
6085,8
6086,2
6087,4
6088,6
6089,7
6090,9
6091,6
6092,7
6093,7
6094,3
6095,2
6096,2
6097,6
6098,2
6099,4
6100,6
6101,6
6102,12
6103,4
6104,7
6105,7
6106,6
6107,7
6108,7
6109,7
6110,10
6111,6
6112,10
6113,6
6114,9
6115,3
6116,5
6117,2
6118,3
6120,7
6121,6
6122,6
6123,7
6124,3
6125,6
6126,4
6127,2
6128,7
6129,4
6130,5
6131,7
6132,8
6133,8
6134,3
6135,5
6136,5
6137,3
6138,5
6139,7
6140,3
6141,9
6142,5
6143,3
6144,8
6145,8
6146,3
6147,7
6148,9
6149,4
6150,2
6151,4
6152,8
6153,4
6154,6
6155,5
6156,5
6157,5
6158,7
6159,4
6160,5
6161,10
6162,4
6163,8
6164,3
6165,2
6166,3
6167,2
6168,4
6169,4
6170,7
6171,2
6172,3
6173,3
6174,7
6175,6
6176,4
6177,8
6178,7
6179,4
6180,4
6181,3
6182,5
6183,5
6184,5
6185,4
6186,6
6187,6
6188,5
6189,3
6190,6
6191,6
6192,7
6193,5
6194,2
6195,4
6196,10
6197,5
6198,3
6199,4
6200,5
6201,6
6202,3
6203,5
6204,3
6205,6
6206,7
6207,5
6208,11
6209,4
6210,3
6211,6
6212,4
6213,7
6214,3
6215,6
6216,2
6217,4
6218,5
6219,6
6220,12
6221,6
6222,3
6223,3
6224,4
6225,2
6226,6
6227,6
6228,7
6229,9
6230,8
6231,5
6232,5
6233,4
6234,4
6235,2
6236,3
6237,3
6238,7
6239,4
6240,8
6241,5
6242,4
6243,9
6244,4
6245,1
6246,5
6247,3
6248,5
6249,2
6250,4
6251,2
6252,10
6253,5
6254,4
6255,3
6256,3
6257,5
6258,3
6259,4
6260,5
6261,2
6262,6
6263,6
6264,7
6265,4
6266,4
6267,6
6268,2
6269,8
6270,3
6271,5
6272,4
6273,4
6274,2
6275,3
6276,5
6277,7
6278,7
6280,6
6281,3
6282,7
6283,3
6284,4
6285,3
6286,5
6287,5
6288,4
6289,8
6290,7
6291,2
6292,4
6293,4
6294,3
6295,2
6296,2
6297,7
6298,2
6299,4
6300,5
6301,1
6302,5
6303,1
6304,3
6305,4
6306,5
6307,7
6308,3
6309,3
6310,3
6311,4
6312,4
6313,4
6314,6
6315,5
6316,2
6317,8
6318,6
6319,3
6320,4
6322,11
6323,4
6324,2
6325,5
6326,4
6327,4
6328,2
6329,3
6330,5
6331,6
6332,4
6333,3
6334,6
6335,2
6336,5
6337,5
6338,4
6339,3
6340,3
6341,3
6342,3
6343,3
6344,6
6345,3
6346,4
6347,8
6348,4
6349,4
6350,3
6351,2
6352,3
6353,5
6354,4
6355,9
6356,2
6357,4
6358,5
6359,4
6360,5
6361,7
6362,2
6363,4
6364,3
6365,2
6366,6
6367,2
6368,6
6369,2
6370,7
6371,4
6372,3
6373,5
6374,8
6375,1
6376,5
6377,5
6378,6
6379,7
6380,1
6381,6
6382,5
6383,9
6384,4
6385,6
6386,2
6387,3
6388,2
6389,3
6390,5
6391,4
6392,3
6393,4
6394,2
6395,8
6396,5
6397,2
6398,4
6399,6
6400,7
6401,7
6402,3
6403,5
6404,3
6405,3
6406,6
6407,2
6408,3
6409,2
6410,5
6411,6
6412,7
6413,3
6414,5
6415,3
6416,5
6417,4
6418,4
6419,4
6420,4
6421,5
6422,2
6423,5
6424,5
6425,4
6426,7
6427,4
6428,4
6429,5
6430,4
6431,3
6432,4
6433,3
6434,7
6435,5
6436,3
6437,6
6438,5
6439,2
6440,3
6441,7
6442,2
6443,4
6444,5
6445,6
6446,4
6447,5
6448,3
6449,3
6450,7
6451,3
6452,6
6453,4
6454,3
6455,1
6456,3
6457,4
6458,5
6459,7
6460,8
6461,4
6462,6
6463,2
6464,3
6465,6
6466,6
6467,3
6468,7
6469,4
6470,5
6471,4
6472,4
6473,8
6474,2
6475,2
6476,6
6477,8
6479,4
6480,6
6481,4
6482,3
6483,5
6484,5
6485,5
6486,4
6487,4
6488,3
6489,3
6490,9
6491,5
6492,4
6493,4
6494,5
6495,2
6496,7
6497,7
6498,4
6499,1
6500,3
6501,2
6502,3
6503,2
6504,5
6505,8
6506,4
6507,5
6508,3
6509,6
6510,3
6511,3
6512,5
6513,3
6514,7
6515,1
6516,4
6517,3
6518,2
6519,3
6520,5
6521,3
6522,4
6523,7
6524,5
6525,6
6526,6
6527,4
6528,4
6529,5
6530,3
6531,4
6532,3
6533,3
6534,2
6535,7
6536,3
6537,5
6539,3
6540,3
6541,5
6542,7
6543,6
6544,5
6545,6
6546,7
6547,7
6548,6
6549,2
6550,3
6551,6
6552,6
6553,7
6554,3
6555,6
6556,5
6558,3
6559,2
6560,6
6561,5
6562,4
6563,1
6564,3
6565,3
6566,5
6567,7
6568,4
6569,2
6570,5
6571,4
6572,6
6573,3
6574,3
6575,3
6577,4
6578,7
6579,4
6580,4
6581,6
6582,4
6583,2
6584,7
6585,3
6586,6
6587,5
6588,5
6589,3
6590,2
6591,6
6592,3
6593,6
6594,4
6595,3
6596,3
6597,1
6598,5
6599,4
6600,7
6601,1
6602,5
6603,4
6604,4
6605,9
6606,6
6607,4
6609,5
6610,5
6611,2
6612,4
6613,3
6614,4
6615,6
6616,6
6617,3
6618,4
6619,9
6620,8
6621,4
6622,3
6623,5
6624,1
6625,2
6626,2
6627,1
6628,4
6629,4
6630,4
6631,4
6632,3
6633,3
6634,1
6635,3
6636,4
6637,3
6639,5
6640,4
6641,9
6642,5
6643,4
6644,4
6645,8
6646,4
6647,4
6648,3
6649,2
6651,4
6652,3
6653,2
6654,4
6655,1
6656,4
6657,8
6658,4
6659,6
6660,4
6661,1
6662,5
6663,6
6664,1
6665,2
6666,1
6667,7
6668,4
6669,2
6670,2
6671,3
6673,3
6674,3
6675,1
6676,3
6677,7
6678,5
6679,6
6680,3
6681,4
6682,1
6684,1
6685,2
6686,2
6687,4
6688,2
6689,3
6690,2
6691,3
6692,1
6693,9
6694,3
6695,7
6696,9
6697,2
6698,4
6699,6
6700,4
6701,4
6702,7
6703,3
6704,5
6705,6
6706,4
6707,5
6708,10
6709,3
6710,2
6711,6
6712,4
6713,1
6714,5
6715,2
6716,4
6717,7
6718,5
6719,7
6720,6
6721,9
6722,6
6724,4
6725,5
6726,5
6727,2
6728,4
6729,1
6730,7
6731,6
6732,1
6733,4
6734,2
6735,2
6736,3
6737,2
6738,5
6739,6
6740,3
6741,2
6742,8
6743,3
6744,3
6745,6
6746,3
6747,5
6748,1
6749,4
6750,3
6751,4
6752,7
6753,1
6754,2
6755,1
6756,2
6757,4
6758,4
6759,2
6760,5
6761,5
6762,2
6763,6
6764,1
6765,4
6766,4
6767,2
6768,4
6769,2
6770,2
6771,2
6772,2
6773,15
6774,4
6775,2
6776,5
6777,3
6778,4
6779,5
6780,4
6781,4
6782,3
6783,2
6784,1
6785,4
6786,3
6787,3
6788,1
6789,2
6790,7
6791,5
6792,4
6793,4
6794,4
6795,4
6796,4
6797,7
6798,4
6799,5
6800,4
6801,1
6802,5
6803,3
6804,6
6805,4
6806,3
6807,2
6808,3
6809,2
6810,7
6811,4
6812,4
6813,4
6814,2
6815,4
6816,3
6817,1
6818,5
6819,5
6820,4
6821,3
6822,2
6823,5
6824,5
6825,5
6826,3
6827,4
6828,5
6829,6
6830,4
6831,6
6832,4
6833,2
6834,3
6835,3
6836,3
6837,3
6838,2
6839,4
6840,3
6841,3
6842,5
6843,2
6844,6
6845,1
6846,1
6847,5
6848,1
6849,2
6850,7
6851,5
6852,2
6853,5
6854,4
6855,1
6856,1
6857,3
6858,1
6859,5
6860,4
6861,4
6862,3
6863,4
6864,6
6865,4
6866,1
6867,4
6868,6
6869,2
6870,2
6871,6
6872,3
6873,2
6874,1
6875,1
6876,2
6877,5
6878,9
6879,3
6880,5
6881,4
6882,4
6884,2
6885,4
6886,3
6887,3
6888,4
6889,2
6890,5
6891,1
6892,4
6893,4
6894,3
6895,1
6896,3
6897,7
6898,6
6899,5
6900,1
6901,2
6902,2
6903,4
6904,3
6905,6
6906,1
6907,3
6908,5
6909,2
6910,2
6911,11
6912,3
6913,3
6914,7
6915,3
6916,5
6917,3
6919,3
6920,4
6921,5
6922,2
6923,4
6924,4
6925,1
6926,3
6927,1
6928,3
6929,2
6930,7
6931,5
6932,4
6933,3
6934,4
6935,2
6936,3
6937,4
6938,2
6939,6
6940,4
6941,2
6942,4
6943,3
6944,3
6945,6
6946,3
6947,1
6948,3
6949,4
6950,4
6951,3
6952,6
6953,5
6954,5
6955,1
6956,2
6957,4
6958,4
6959,4
6960,4
6961,5
6962,2
6963,3
6964,8
6965,1
6966,1
6967,6
6968,3
6969,3
6970,3
6971,1
6972,2
6973,5
6974,2
6975,1
6976,1
6977,2
6978,6
6979,4
6980,4
6981,2
6982,7
6983,3
6984,7
6985,2
6986,2
6987,4
6988,2
6989,3
6990,6
6991,2
6992,7
6993,3
6994,2
6995,4
6996,4
6997,3
6998,2
6999,3
7000,2
7001,4
7003,6
7004,4
7005,3
7006,3
7007,3
7008,2
7009,4
7010,4
7011,4
7013,4
7014,1
7015,5
7017,5
7018,3
7019,4
7020,3
7021,5
7022,4
7023,4
7024,4
7025,3
7026,3
7027,8
7028,4
7029,3
7031,5
7032,2
7033,4
7034,5
7035,5
7036,4
7037,5
7038,2
7039,4
7040,6
7041,1
7042,4
7043,4
7044,8
7045,3
7046,3
7047,3
7048,7
7049,2
7050,6
7051,4
7052,6
7053,1
7054,4
7055,3
7056,6
7057,3
7058,1
7059,2
7060,2
7061,5
7062,3
7063,3
7064,2
7065,3
7066,6
7067,5
7068,2
7069,5
7070,3
7071,6
7072,4
7073,4
7074,4
7075,12
7076,3
7077,6
7078,2
7079,3
7080,5
7081,2
7082,2
7083,3
7085,9
7086,3
7087,5
7088,6
7089,4
7090,5
7091,6
7092,4
7093,4
7094,5
7095,5
7096,4
7097,4
7098,2
7099,2
7100,5
7101,5
7102,1
7103,2
7104,4
7105,1
7106,4
7108,2
7109,3
7110,2
7111,2
7112,3
7113,3
7114,4
7115,4
7116,2
7117,3
7118,2
7119,5
7120,4
7122,6
7123,9
7125,1
7126,2
7127,3
7128,3
7129,1
7130,2
7131,4
7132,4
7133,7
7134,2
7135,3
7136,1
7137,4
7138,5
7139,7
7140,4
7141,5
7142,2
7143,4
7145,2
7146,7
7147,7
7148,1
7149,1
7150,1
7151,7
7152,4
7153,5
7154,1
7155,4
7156,1
7157,4
7158,3
7159,2
7160,5
7161,4
7162,6
7163,1
7164,1
7165,4
7166,2
7168,4
7169,1
7170,4
7171,6
7172,2
7173,6
7174,4
7175,3
7176,1
7177,5
7178,4
7179,5
7180,1
7181,3
7182,5
7183,4
7184,5
7185,3
7186,2
7187,3
7188,3
7189,4
7190,4
7191,3
7192,5
7193,2
7194,6
7195,3
7196,6
7197,4
7198,2
7199,5
7200,4
7201,3
7202,2
7203,8
7205,2
7206,5
7207,7
7208,4
7209,2
7210,3
7211,3
7212,6
7213,5
7214,3
7215,4
7216,6
7217,8
7218,3
7220,1
7221,4
7222,2
7223,3
7224,3
7225,3
7226,5
7227,2
7228,5
7229,4
7230,4
7231,1
7232,2
7233,6
7235,5
7236,2
7237,4
7238,1
7239,4
7240,1
7241,1
7242,1
7243,2
7244,2
7245,4
7246,2
7248,3
7249,1
7250,5
7251,3
7252,2
7253,5
7254,3
7255,5
7257,5
7258,5
7259,4
7260,1
7261,4
7262,2
7263,7
7264,2
7265,1
7266,4
7267,3
7268,3
7269,3
7270,4
7271,4
7272,4
7273,5
7274,1
7275,5
7276,2
7277,4
7278,2
7279,2
7280,2
7281,5
7282,5
7283,5
7285,3
7286,7
7287,2
7288,2
7289,2
7290,3
7291,2
7292,7
7293,5
7294,2
7295,2
7296,3
7297,7
7298,5
7299,3
7300,1
7301,2
7302,1
7303,2
7304,2
7305,5
7306,2
7308,3
7309,5
7310,4
7311,2
7312,3
7313,5
7314,3
7315,6
7316,3
7317,1
7318,5
7319,5
7320,1
7321,3
7322,2
7323,6
7324,1
7325,6
7326,5
7327,5
7328,1
7329,4
7330,6
7331,2
7332,2
7333,5
7334,3
7335,7
7336,4
7337,2
7338,1
7339,3
7340,2
7341,6
7342,2
7343,3
7344,5
7345,1
7346,1
7347,5
7348,2
7349,5
7350,2
7351,4
7352,2
7353,6
7354,2
7355,1
7356,4
7357,2
7358,3
7359,2
7360,5
7361,2
7362,6
7363,1
7364,3
7365,5
7366,1
7367,3
7368,2
7369,3
7370,3
7371,6
7372,4
7373,4
7374,4
7375,4
7376,3
7377,1
7378,3
7379,6
7380,3
7381,6
7382,2
7384,1
7385,8
7386,4
7387,8
7389,4
7390,2
7391,4
7392,3
7393,4
7394,3
7395,4
7396,3
7397,2
7398,3
7399,7
7400,4
7401,4
7402,3
7403,1
7404,4
7405,5
7406,1
7407,3
7408,1
7409,3
7411,2
7412,4
7413,5
7414,1
7415,4
7416,3
7417,4
7418,8
7419,2
7420,4
7421,4
7422,4
7423,3
7424,5
7425,2
7426,3
7427,3
7428,1
7429,3
7430,1
7431,2
7432,3
7433,5
7434,2
7435,6
7436,3
7437,4
7438,3
7439,3
7440,5
7441,5
7442,2
7443,7
7444,3
7445,2
7446,1
7447,4
7448,5
7449,1
7450,3
7451,1
7452,3
7453,5
7454,4
7455,3
7456,6
7457,3
7458,2
7459,9
7460,2
7461,6
7462,2
7463,6
7464,4
7465,4
7466,2
7467,2
7468,4
7469,4
7470,3
7471,3
7472,4
7473,5
7476,1
7477,5
7478,5
7479,7
7480,1
7481,4
7482,2
7483,9
7484,2
7485,3
7486,4
7487,7
7488,2
7489,3
7490,4
7491,2
7492,3
7493,2
7494,5
7495,2
7496,4
7497,4
7498,4
7499,8
7500,1
7501,1
7502,4
7503,3
7504,4
7505,3
7506,5
7507,1
7508,3
7509,4
7510,2
7511,3
7512,2
7513,4
7514,2
7515,3
7516,3
7517,6
7518,1
7519,1
7520,2
7521,1
7522,2
7523,3
7524,6
7525,4
7526,3
7527,5
7528,4
7529,1
7530,8
7531,4
7532,4
7533,1
7534,4
7535,9
7536,6
7537,2
7538,4
7539,5
7540,6
7541,3
7542,3
7543,7
7544,1
7545,6
7546,2
7547,4
7548,3
7549,8
7550,5
7551,2
7552,6
7553,7
7554,4
7555,8
7556,1
7557,2
7558,1
7559,3
7560,3
7561,3
7562,3
7563,2
7564,8
7565,7
7566,2
7567,4
7568,4
7569,5
7570,7
7571,3
7572,4
7573,2
7574,2
7575,3
7576,4
7577,3
7578,7
7579,2
7580,4
7581,9
7582,4
7583,7
7584,6
7585,3
7586,1
7587,3
7588,2
7589,1
7590,2
7591,3
7592,4
7593,2
7594,3
7595,5
7596,3
7597,2
7598,2
7599,4
7600,2
7601,3
7602,4
7603,6
7604,5
7605,6
7606,3
7607,2
7608,3
7609,2
7610,2
7611,3
7612,3
7613,2
7614,4
7615,5
7616,4
7617,5
7618,3
7619,5
7620,6
7621,3
7622,2
7623,4
7624,8
7625,4
7626,2
7627,1
7628,5
7629,2
7630,2
7631,5
7632,4
7633,6
7634,4
7635,1
7636,8
7637,5
7638,3
7639,3
7640,4
7641,3
7642,2
7643,3
7644,3
7645,1
7646,2
7647,2
7648,1
7649,6
7650,6
7651,8
7652,3
7653,4
7654,2
7655,6
7656,7
7657,2
7658,4
7659,3
7661,2
7662,4
7663,2
7664,2
7665,2
7666,5
7667,10
7668,6
7669,4
7670,2
7671,3
7672,4
7673,1
7674,3
7675,3
7676,1
7677,8
7678,8
7679,6
7680,1
7681,7
7682,5
7683,2
7684,8
7685,3
7686,4
7687,3
7688,5
7689,1
7690,2
7691,3
7692,6
7693,1
7694,4
7695,5
7696,2
7697,4
7698,6
7699,4
7700,1
7701,5
7702,4
7703,3
7704,7
7705,8
7706,2
7707,5
7708,2
7709,3
7710,3
7711,1
7712,2
7713,6
7714,1
7715,1
7716,10
7717,4
7718,3
7719,4
7721,3
7722,4
7723,3
7724,2
7725,7
7727,4
7728,6
7729,5
7730,9
7731,3
7732,4
7733,6
7734,4
7735,6
7736,2
7737,3
7738,5
7739,3
7740,6
7741,1
7742,7
7743,5
7744,4
7745,2
7746,4
7747,3
7748,4
7749,6
7750,7
7751,4
7752,4
7753,4
7754,8
7755,2
7756,5
7757,5
7758,3
7759,6
7760,3
7761,1
7762,9
7763,4
7764,2
7765,4
7766,5
7767,6
7768,4
7769,6
7770,10
7771,2
7772,8
7773,4
7774,8
7775,8
7776,12
7777,2
7778,2
7779,4
7780,5
7781,2
7782,4
7783,6
7784,10
7785,2
7786,8
7787,1
7788,5
7789,6
7790,5
7791,4
7792,3
7793,2
7794,7
7795,5
7796,7
7797,8
7798,8
7799,7
7800,18
7801,7
7802,3
7803,9
7804,2
7805,4
7806,4
7807,4
7808,3
7809,4
7810,5
7811,10
7812,5
7813,5
7814,6
7815,9
7816,7
7817,4
7818,6
7819,6
7820,7
7821,5
7822,5
7823,7
7824,6
7825,5
7826,4
7827,7
7828,4
7829,4
7830,6
7831,6
7832,4
7833,3
7834,7
7835,3
7836,5
7837,10
7838,6
7839,5
7840,7
7841,6
7842,3
7843,5
7844,8
7845,10
7846,4
7847,2
7848,7
7849,4
7850,6
7851,3
7852,3
7853,10
7854,7
7855,8
7856,9
7857,5
7858,4
7859,7
7860,3
7861,7
7862,5
7863,10
7864,12
7865,8
7866,5
7867,5
7868,6
7869,4
7870,4
7871,7
7872,6
7873,7
7874,3
7875,4
7876,6
7877,13
7878,8
7879,11
7880,9
7881,9
7882,11
7883,11
7884,7
7885,6
7886,7
7887,5
7888,4
7889,7
7890,8
7891,9
7892,6
7893,9
7894,10
7895,9
7896,13
7897,7
7898,11
7899,14
7900,12
7901,12
7902,9
7903,4
7904,8
7905,142
7906,12
7907,12
7908,9
7909,13
7910,12
7911,10
7912,12
7913,11
7914,14
7915,17
7916,8
7917,11
7918,6
7919,15
7920,10
7921,12
7922,9
7923,7
7924,10
7925,9
7926,8
7927,15
7928,9
7929,12
7930,10
7931,11
7932,11
7933,9
7934,14
7935,12
7936,12
7937,17
7938,13
7939,13
7940,11
7941,16
7942,19
7943,14
7944,12
7945,22
7946,17
7947,12
7948,16
7949,15
7950,16
7951,22
7952,17
7953,14
7954,22
7955,27
7956,20
7957,11
7958,19
7959,17
7960,22
7961,15
7962,28
7963,22
7964,33
7965,24
7966,27
7967,26
7968,20
7969,23
7970,19
7971,31
7972,23
7973,33
7974,33
7975,23
7976,23
7977,29
7978,33
7979,31
7980,31
7981,36
7982,39
7983,27
7984,30
7985,49
7986,42
7987,41
7988,47
7989,40
7990,52
7991,68
7992,63
7993,65
7994,97
7995,86
7996,97
7997,98
7998,143
7999,271
8000,1020
8001,2
8002,3
8003,3
8004,5
8007,1
8011,1
8018,1
8020,1
8026,1
8038,1
8042,1
8099,1
8110,1
8464,1
9106,1
15000,2
15904,1
23670,1
100013,1
120000,1
150000,6
419580,1
600000,1
2816000,1
6196499,1
7387380,1
7573499,3
9638999,1
